CREATE DATABASE  IF NOT EXISTS `socialapp` /*!40100 DEFAULT CHARACTER SET utf8mb4 COLLATE utf8mb4_0900_ai_ci */ /*!80016 DEFAULT ENCRYPTION='N' */;
USE `socialapp`;
-- MySQL dump 10.13  Distrib 8.0.34, for Win64 (x86_64)
--
-- Host: 127.0.0.1    Database: socialapp
-- ------------------------------------------------------
-- Server version	8.0.34

/*!40101 SET @OLD_CHARACTER_SET_CLIENT=@@CHARACTER_SET_CLIENT */;
/*!40101 SET @OLD_CHARACTER_SET_RESULTS=@@CHARACTER_SET_RESULTS */;
/*!40101 SET @OLD_COLLATION_CONNECTION=@@COLLATION_CONNECTION */;
/*!50503 SET NAMES utf8 */;
/*!40103 SET @OLD_TIME_ZONE=@@TIME_ZONE */;
/*!40103 SET TIME_ZONE='+00:00' */;
/*!40014 SET @OLD_UNIQUE_CHECKS=@@UNIQUE_CHECKS, UNIQUE_CHECKS=0 */;
/*!40014 SET @OLD_FOREIGN_KEY_CHECKS=@@FOREIGN_KEY_CHECKS, FOREIGN_KEY_CHECKS=0 */;
/*!40101 SET @OLD_SQL_MODE=@@SQL_MODE, SQL_MODE='NO_AUTO_VALUE_ON_ZERO' */;
/*!40111 SET @OLD_SQL_NOTES=@@SQL_NOTES, SQL_NOTES=0 */;

--
-- Table structure for table `blacklist_token`
--

DROP TABLE IF EXISTS `blacklist_token`;
/*!40101 SET @saved_cs_client     = @@character_set_client */;
/*!50503 SET character_set_client = utf8mb4 */;
CREATE TABLE `blacklist_token` (
  `token` varchar(255) DEFAULT NULL
) ENGINE=InnoDB DEFAULT CHARSET=utf8mb4 COLLATE=utf8mb4_0900_ai_ci;
/*!40101 SET character_set_client = @saved_cs_client */;

--
-- Dumping data for table `blacklist_token`
--

LOCK TABLES `blacklist_token` WRITE;
/*!40000 ALTER TABLE `blacklist_token` DISABLE KEYS */;
INSERT INTO `blacklist_token` VALUES ('eyJhbGciOiJIUzI1NiIsInR5cCI6IkpXVCJ9.eyJfaWQiOiIwYzYxZDYzNi0wMDc3LTRmNGEtODI5NS1lYjQyZjVhMDgxMjQiLCJpYXQiOjE2OTkyODgzMjgsImV4cCI6MTY5OTM3NDcyOH0.quMKkcAnWaPwzZkmUp244o-gP5DsGV4j5yBifT-Taj4'),('eyJhbGciOiJIUzI1NiIsInR5cCI6IkpXVCJ9.eyJfaWQiOiIwYzYxZDYzNi0wMDc3LTRmNGEtODI5NS1lYjQyZjVhMDgxMjQiLCJpYXQiOjE2OTkyODg0MTEsImV4cCI6MTY5OTg5MzIxMX0.QUJ3LqeNvBty2-f3V-woCitGwH6OZMbWpESibcX00fY'),('eyJhbGciOiJIUzI1NiIsInR5cCI6IkpXVCJ9.eyJfaWQiOiIwYzYxZDYzNi0wMDc3LTRmNGEtODI5NS1lYjQyZjVhMDgxMjQiLCJpYXQiOjE2OTkyODgzMjgsImV4cCI6MTY5OTM3NDcyOH0.quMKkcAnWaPwzZkmUp244o-gP5DsGV4j5yBifT-Taj4'),('eyJhbGciOiJIUzI1NiIsInR5cCI6IkpXVCJ9.eyJfaWQiOiIwYzYxZDYzNi0wMDc3LTRmNGEtODI5NS1lYjQyZjVhMDgxMjQiLCJpYXQiOjE2OTkyODg0MTEsImV4cCI6MTY5OTg5MzIxMX0.QUJ3LqeNvBty2-f3V-woCitGwH6OZMbWpESibcX00fY'),('eyJhbGciOiJIUzI1NiIsInR5cCI6IkpXVCJ9.eyJfaWQiOiIwYzYxZDYzNi0wMDc3LTRmNGEtODI5NS1lYjQyZjVhMDgxMjQiLCJpYXQiOjE2OTkyODgzMjgsImV4cCI6MTY5OTM3NDcyOH0.quMKkcAnWaPwzZkmUp244o-gP5DsGV4j5yBifT-Taj4'),('eyJhbGciOiJIUzI1NiIsInR5cCI6IkpXVCJ9.eyJfaWQiOiIwYzYxZDYzNi0wMDc3LTRmNGEtODI5NS1lYjQyZjVhMDgxMjQiLCJpYXQiOjE2OTkyODg0MTEsImV4cCI6MTY5OTg5MzIxMX0.QUJ3LqeNvBty2-f3V-woCitGwH6OZMbWpESibcX00fY'),('eyJhbGciOiJIUzI1NiIsInR5cCI6IkpXVCJ9.eyJfaWQiOiIwYzYxZDYzNi0wMDc3LTRmNGEtODI5NS1lYjQyZjVhMDgxMjQiLCJpYXQiOjE2OTkyODgzMjgsImV4cCI6MTY5OTM3NDcyOH0.quMKkcAnWaPwzZkmUp244o-gP5DsGV4j5yBifT-Taj4'),('eyJhbGciOiJIUzI1NiIsInR5cCI6IkpXVCJ9.eyJfaWQiOiIwYzYxZDYzNi0wMDc3LTRmNGEtODI5NS1lYjQyZjVhMDgxMjQiLCJpYXQiOjE2OTkyODg0MTEsImV4cCI6MTY5OTg5MzIxMX0.QUJ3LqeNvBty2-f3V-woCitGwH6OZMbWpESibcX00fY'),('eyJhbGciOiJIUzI1NiJ9.eyJzdWIiOiJzcGIxQGdtYWlsLmNvbSIsImlhdCI6MTcwNjQ2MjYwNiwiZXhwIjoxNzA2NTQ5MDA2fQ.NnbpcmtsTytW81pnWp-JnKTToSCv-zo6CmEmH1pU4J8'),('eyJhbGciOiJIUzI1NiJ9.eyJzdWIiOiJzcGIxQGdtYWlsLmNvbSIsImlhdCI6MTcwNjQ2Mzg4MywiZXhwIjoxNzA2NTUwMjgzfQ.z0fT77qYDOlC_qFzooozKiWVblAFLTkBUIrH28NRjIQ'),('eyJhbGciOiJIUzI1NiJ9.eyJzdWIiOiJzcGI3QGdtYWlsLmNvbSIsImlhdCI6MTcwNjU4Nzk4NiwiZXhwIjoxNzA2Njc0Mzg2fQ.3-GoTpHlOrn8DT40AnlknuaOfd3e_eW3tk5_24sDN0Q'),('eyJhbGciOiJIUzI1NiJ9.eyJzdWIiOiJzcGI3QGdtYWlsLmNvbSIsImlhdCI6MTcwNjU4ODQ5MCwiZXhwIjoxNzA2Njc0ODkwfQ.BKNsRQTf-mhPiPGLUSZ21UA-oOMnpX0zB6mGWWxPh_4'),('eyJhbGciOiJIUzI1NiJ9.eyJzdWIiOiJzcGI3QGdtYWlsLmNvbSIsImlhdCI6MTcwNjU4ODUxNywiZXhwIjoxNzA2Njc0OTE3fQ.uPDd0kTGh7F-_boA_fpI7mqQ979DPCHlmGG5VL5AdKY'),('eyJhbGciOiJIUzI1NiJ9.eyJzdWIiOiJzcGI3QGdtYWlsLmNvbSIsImlhdCI6MTcwNjU4ODU2NiwiZXhwIjoxNzA2Njc0OTY2fQ.MDehMiZTru78yjkLzPdUM2vhepKO3dANtOXmDhGck54'),('eyJhbGciOiJIUzI1NiJ9.eyJzdWIiOiJ6aW5lZGluZXppZGFuZTEwMTVAZ21haWwuY29tIiwiaWF0IjoxNzA2NjAyMzg3LCJleHAiOjE3MDY2ODg3ODd9._l2Kjr4lp2wSbmI6XN9XpU7_vS-vsqQFXkmWBEpvsjk'),('eyJhbGciOiJIUzI1NiJ9.eyJzdWIiOiJ6aW5lZGluZXppZGFuZTEwMTVAZ21haWwuY29tIiwiaWF0IjoxNzA2NjAyOTMzLCJleHAiOjE3MDY2ODkzMzN9.G3AE09WOGY8REYLdgP-jkrSzlWIaLzSTBtMyNDUOG9U'),('eyJhbGciOiJIUzI1NiJ9.eyJzdWIiOiJ6aW5lZGluZXppZGFuZTEwMTVAZ21haWwuY29tIiwiaWF0IjoxNzA2NjAyOTUxLCJleHAiOjE3MDY2ODkzNTF9.CBkQGDvGWO5ICIbOtx8bmGlxtpZO6tli_avbvhn6t8g'),('eyJhbGciOiJIUzI1NiJ9.eyJzdWIiOiJ6aW5lZGluZXppZGFuZTEwMTVAZ21haWwuY29tIiwiaWF0IjoxNzA2NjAzMDU4LCJleHAiOjE3MDY2ODk0NTh9.53JOLqEIvxV_fWDZifHc0AY8yW2Sn4KE7xsPC3vDy04'),('eyJhbGciOiJIUzI1NiJ9.eyJzdWIiOiJ6aW5lZGluZXppZGFuZTEwMTVAZ21haWwuY29tIiwiaWF0IjoxNzA2NjAzMTYyLCJleHAiOjE3MDY2ODk1NjJ9.rUbkbJ-Ai5klEruXETICoF10GGPmP8wlhbWaVXgj_Yo'),('eyJhbGciOiJIUzI1NiJ9.eyJzdWIiOiJ6aW5lZGluZXppZGFuZTEwMTVAZ21haWwuY29tIiwiaWF0IjoxNzA2NjAzMzg2LCJleHAiOjE3MDY2ODk3ODZ9.odvn0JKbubL8BY-lETRHdRrN0KrhfARkCplka9BiZKw'),('eyJhbGciOiJIUzI1NiJ9.eyJzdWIiOiJ6aW5lZGluZXppZGFuZTEwMTVAZ21haWwuY29tIiwiaWF0IjoxNzA2NjA1OTgzLCJleHAiOjE3MDY2OTIzODN9.3WDyp2EzJcmuWMJ89hEMHm8ZV8lt7AKMueuylxIcHUs'),('eyJhbGciOiJIUzI1NiJ9.eyJzdWIiOiJ2ZXlhd2lwNTEwQGZsZXh2aW8uY29tIiwiaWF0IjoxNzA2NjA2OTMyLCJleHAiOjE3MDY2OTMzMzJ9._S9D6EWpI8Iu9orcQQDM5JlI2kPqSOa3khE8kT7hH5g'),('eyJhbGciOiJIUzI1NiJ9.eyJzdWIiOiJ6aW5lZGluZXppZGFuZTEwMTVAZ21haWwuY29tIiwiaWF0IjoxNzA2NjA2ODc0LCJleHAiOjE3MDY2OTMyNzR9.uZ9veAX-VzWDDDQ4LD3AGT8KVOc0jMT1OgRVVX7VMx8'),('eyJhbGciOiJIUzI1NiJ9.eyJzdWIiOiJtZXNzaXByb2h5QGdtYWlsLmNvbSIsImlhdCI6MTcwNjYwNzg2NywiZXhwIjoxNzA2Njk0MjY3fQ.bZy-0-_SBcsrNZ3cjyYb2c7P0tULcXAWnELuVEaLj5E'),('eyJhbGciOiJIUzI1NiJ9.eyJzdWIiOiJtZXNzaXByb2h5QGdtYWlsLmNvbSIsImlhdCI6MTcwNjc0OTgwMSwiZXhwIjoxNzA2ODM2MjAxfQ.9S4G_0fYPoGcf3bsPuWq_GfeNKVclIRjWtPmLZom4-s'),('eyJhbGciOiJIUzI1NiJ9.eyJzdWIiOiJtZXNzaXByb2h5QGdtYWlsLmNvbSIsImlhdCI6MTcwNjc1NjcxMywiZXhwIjoxNzA2ODQzMTEzfQ.auwRNcsSQ8bSkp9yZRujW_y4Df1FeSpl2-EOKxNQRgo'),('eyJhbGciOiJIUzI1NiJ9.eyJzdWIiOiJtZXNzaXByb2h5QGdtYWlsLmNvbSIsImlhdCI6MTcwNjc2MjE1OCwiZXhwIjoxNzA2ODQ4NTU4fQ.65Z5-A37m7OLu9NkEZRNSKAuiiRJOH3NbNZ9BQaQHhQ'),('eyJhbGciOiJIUzI1NiJ9.eyJzdWIiOiJtZXNzaXByb2h5QGdtYWlsLmNvbSIsImlhdCI6MTcwNjgwOTQ2OSwiZXhwIjoxNzA2ODk1ODY5fQ.FcCyBILorxv5J1bfSB5kvLMlXT3L7IriwXLtubrwlhE'),('eyJhbGciOiJIUzI1NiJ9.eyJzdWIiOiJtZXNzaXByb2h5QGdtYWlsLmNvbSIsImlhdCI6MTcwNjg4NjI5MiwiZXhwIjoxNzA2OTcyNjkyfQ.Y7ZGr7DQ0E0_1PzVTUV9A-BEzfnrnaXGLOcPxh3U0RE'),('eyJhbGciOiJIUzI1NiJ9.eyJzdWIiOiJtZXNzaXByb2h5QGdtYWlsLmNvbSIsImlhdCI6MTcwNjk2MDU3MywiZXhwIjoxNzA3MDQ2OTczfQ.u3RYaVNjP990Dti5BQ9gPbTIYtd1Xw3Eu0kjvx7EP_E'),('eyJhbGciOiJIUzI1NiJ9.eyJzdWIiOiJtZXNzaXByb2h5QGdtYWlsLmNvbSIsImlhdCI6MTcwNjk3ODA1NywiZXhwIjoxNzA3MDY0NDU3fQ.fTyTDmihb2SrpRtOGha1qMFBqVL2GOBt3-XrmDVAfUo'),('eyJhbGciOiJIUzI1NiJ9.eyJzdWIiOiJtZXNzaXByb2h5QGdtYWlsLmNvbSIsImlhdCI6MTcwNjk3ODIwOCwiZXhwIjoxNzA3MDY0NjA4fQ.ueFZ9VG-Jm_z6oaLL-0XjXvHvr0LvH5e43xZL0e5jro'),('eyJhbGciOiJIUzI1NiJ9.eyJzdWIiOiJtZXNzaXByb2h5QGdtYWlsLmNvbSIsImlhdCI6MTcwNzA0Mjc1OSwiZXhwIjoxNzA3MTI5MTU5fQ.FgsyL4HrFfTOe66gvrdYKCcPf7gZb4rr5c_7v8OdKcM'),('eyJhbGciOiJIUzI1NiJ9.eyJzdWIiOiJtZXNzaXByb2h5QGdtYWlsLmNvbSIsImlhdCI6MTcwNzE1MDQ1NywiZXhwIjoxNzA3MjM2ODU3fQ.zAA56F80-Vb94FOKjnL1b2golzv0XBh7Wwlnqy8ytP0');
/*!40000 ALTER TABLE `blacklist_token` ENABLE KEYS */;
UNLOCK TABLES;

--
-- Table structure for table `comment_likes`
--

DROP TABLE IF EXISTS `comment_likes`;
/*!40101 SET @saved_cs_client     = @@character_set_client */;
/*!50503 SET character_set_client = utf8mb4 */;
CREATE TABLE `comment_likes` (
  `comment_id` varchar(50) NOT NULL,
  `user_id` varchar(50) NOT NULL,
  PRIMARY KEY (`user_id`,`comment_id`),
  UNIQUE KEY `unique_like` (`comment_id`,`user_id`),
  KEY `user_id` (`user_id`),
  CONSTRAINT `comment_likes_ibfk_1` FOREIGN KEY (`comment_id`) REFERENCES `comments` (`comment_id`),
  CONSTRAINT `comment_likes_ibfk_2` FOREIGN KEY (`user_id`) REFERENCES `users` (`user_id`)
) ENGINE=InnoDB DEFAULT CHARSET=utf8mb4 COLLATE=utf8mb4_0900_ai_ci;
/*!40101 SET character_set_client = @saved_cs_client */;

--
-- Dumping data for table `comment_likes`
--

LOCK TABLES `comment_likes` WRITE;
/*!40000 ALTER TABLE `comment_likes` DISABLE KEYS */;
INSERT INTO `comment_likes` VALUES ('20b7eea8-319b-4a78-bc5a-8ce06d9234d9','154d6ec3-5a34-47a7-aae4-b7192e992679'),('3b4bd19a-bae8-4453-a5b8-0a7b696a596f','b2bb132c-bc70-43c1-8c88-10756aafff4e');
/*!40000 ALTER TABLE `comment_likes` ENABLE KEYS */;
UNLOCK TABLES;

--
-- Table structure for table `comments`
--

DROP TABLE IF EXISTS `comments`;
/*!40101 SET @saved_cs_client     = @@character_set_client */;
/*!50503 SET character_set_client = utf8mb4 */;
CREATE TABLE `comments` (
  `comment_id` varchar(50) NOT NULL,
  `content` text NOT NULL,
  `comment_img` varchar(255) DEFAULT NULL,
  `comment_at` datetime NOT NULL,
  PRIMARY KEY (`comment_id`),
  UNIQUE KEY `comment_id_UNIQUE` (`comment_id`)
) ENGINE=InnoDB DEFAULT CHARSET=utf8mb4 COLLATE=utf8mb4_0900_ai_ci;
/*!40101 SET character_set_client = @saved_cs_client */;

--
-- Dumping data for table `comments`
--

LOCK TABLES `comments` WRITE;
/*!40000 ALTER TABLE `comments` DISABLE KEYS */;
INSERT INTO `comments` VALUES ('20b7eea8-319b-4a78-bc5a-8ce06d9234d9','ok ban dsff sfdsfds',NULL,'2023-11-06 16:07:38'),('3b4bd19a-bae8-4453-a5b8-0a7b696a596f','How do you feel ?',NULL,'2023-11-06 18:13:30'),('3f768c7b-0b69-4edd-b0c7-69e9e658e89d','ok ban dsff sfdsfds  wrwr werwer',NULL,'2023-11-06 16:07:45'),('534471ea-03e6-46d5-9566-00bafdda2c55','ngontinhtrenamng',NULL,'2023-11-06 16:34:21'),('60a6ade9-777b-4e57-8562-3872997c6567','Hay qua a oi',NULL,'2023-11-06 16:03:53'),('618ed0a3-aa45-4377-9a06-a28ea4d8c6fd','Dung nhu vay , di ngủ thoi',NULL,'2023-11-06 16:54:13'),('6d977bea-197f-4896-a4b8-448b8b0f7ab5','ok ban dsff sfdsfds dsfdsfwer',NULL,'2023-11-06 16:07:41'),('6f2d079f-4064-474e-affd-1ac8b749aff4','tho nhu jcak',NULL,'2023-11-06 16:33:43'),('801ea386-f843-4892-8764-e4acf08aa946','tho nhu jcak',NULL,'2023-11-06 16:33:44'),('81bc61dc-3138-4c42-a800-47aafb3b422a','ok ban dsff',NULL,'2023-11-06 16:07:37'),('953f739d-c943-492f-b923-574dde7b8d0c','Wow, that exciting!',NULL,'2023-11-06 18:19:19'),('96e1ec62-49d8-479e-9bb4-d9883abe1ec9','tho nhu chu bin',NULL,'2023-11-06 16:32:59'),('97e1d061-8dc3-4001-8ca0-bb3fa8b3cf90','OK, I read it',NULL,'2023-11-06 23:19:20'),('9ce2b674-e9b0-4702-b767-277c84ee1131','ok ban',NULL,'2023-11-06 16:07:33'),('ac67beb1-535b-4ed7-85b0-7d39fc38b2e4','ok ban dsff sfdsfds  wrwr',NULL,'2023-11-06 16:07:43'),('de7c3821-7559-4971-8e91-5d73296ac5e9','ngontinhtrenamng',NULL,'2023-11-06 16:34:20'),('e562683c-3cbc-420c-94fe-ad8136f9c5dd','Try must more posts',NULL,'2023-11-07 00:11:18');
/*!40000 ALTER TABLE `comments` ENABLE KEYS */;
UNLOCK TABLES;

--
-- Table structure for table `conversations`
--

DROP TABLE IF EXISTS `conversations`;
/*!40101 SET @saved_cs_client     = @@character_set_client */;
/*!50503 SET character_set_client = utf8mb4 */;
CREATE TABLE `conversations` (
  `conversation_id` varchar(50) NOT NULL,
  `conversation_name` varchar(100) NOT NULL,
  `created_at` datetime NOT NULL,
  PRIMARY KEY (`conversation_id`)
) ENGINE=InnoDB DEFAULT CHARSET=utf8mb4 COLLATE=utf8mb4_0900_ai_ci;
/*!40101 SET character_set_client = @saved_cs_client */;

--
-- Dumping data for table `conversations`
--

LOCK TABLES `conversations` WRITE;
/*!40000 ALTER TABLE `conversations` DISABLE KEYS */;
INSERT INTO `conversations` VALUES ('26348ad6-3791-4ed4-8fbe-fb8c5c434240','Group Trái đất không có thật','2023-11-07 01:11:55'),('4eabdef8-643f-4169-99ba-02bc0ec41f6c','IoT 2024','2024-02-08 16:15:10'),('81feb83c-6230-4dba-972e-d683bcc8019c','Group Mẹ bỉm sữa','2023-11-07 00:58:51'),('9c436794-2ea7-4f39-a78a-8618b6327fc2','Group Học Kỳ 2','2024-02-08 15:02:11'),('af52f451-356d-400a-bd0b-37d9e70e6f37','Group 1','2023-11-06 18:20:29'),('d67b0123-e291-4ca0-9d58-751e737a7f78','Nhóm 4 bài tập lớn','2023-11-06 16:11:39'),('e3ed6f57-2c7c-4c4e-98e1-5f7370ed01ba','Group Tán gái','2023-11-07 00:58:18'),('e5c834a9-9b6b-47af-8822-d3907ac0beb4','IoT 2024','2024-02-08 15:22:27'),('ec292bb0-d4ff-4b8b-ab4d-d50db336c607','Group Meta','2023-11-06 18:34:43');
/*!40000 ALTER TABLE `conversations` ENABLE KEYS */;
UNLOCK TABLES;

--
-- Table structure for table `followers`
--

DROP TABLE IF EXISTS `followers`;
/*!40101 SET @saved_cs_client     = @@character_set_client */;
/*!50503 SET character_set_client = utf8mb4 */;
CREATE TABLE `followers` (
  `follower_id` varchar(50) NOT NULL,
  `followed_id` varchar(50) NOT NULL,
  PRIMARY KEY (`followed_id`,`follower_id`),
  KEY `followers_users_user_id_fk` (`follower_id`),
  CONSTRAINT `followers_users_user_id_fk` FOREIGN KEY (`follower_id`) REFERENCES `users` (`user_id`),
  CONSTRAINT `followers_users_user_id_fk2` FOREIGN KEY (`followed_id`) REFERENCES `users` (`user_id`)
) ENGINE=InnoDB DEFAULT CHARSET=utf8mb4 COLLATE=utf8mb4_0900_ai_ci;
/*!40101 SET character_set_client = @saved_cs_client */;

--
-- Dumping data for table `followers`
--

LOCK TABLES `followers` WRITE;
/*!40000 ALTER TABLE `followers` DISABLE KEYS */;
INSERT INTO `followers` VALUES ('0057d321-0b60-4740-a174-afb01df2edc4','154d6ec3-5a34-47a7-aae4-b7192e992679'),('0057d321-0b60-4740-a174-afb01df2edc4','7de1a2d3-d85a-4514-932a-9c17510e5425'),('0057d321-0b60-4740-a174-afb01df2edc4','b2bb132c-bc70-43c1-8c88-10756aafff4e'),('0057d321-0b60-4740-a174-afb01df2edc4','c7831745-5302-417d-bba8-7055e6354d8f'),('0057d321-0b60-4740-a174-afb01df2edc4','ddf5e3d6-41d2-468d-ad24-a26d2147e30a'),('0057d321-0b60-4740-a174-afb01df2edc4','eed9d596-a166-446f-8a76-190ad4880004'),('154d6ec3-5a34-47a7-aae4-b7192e992679','b2bb132c-bc70-43c1-8c88-10756aafff4e'),('154d6ec3-5a34-47a7-aae4-b7192e992679','c7831745-5302-417d-bba8-7055e6354d8f'),('154d6ec3-5a34-47a7-aae4-b7192e992679','eed9d596-a166-446f-8a76-190ad4880004'),('2dae7c82-f765-4f6c-8e6e-185ca717a304','154d6ec3-5a34-47a7-aae4-b7192e992679'),('2dae7c82-f765-4f6c-8e6e-185ca717a304','7de1a2d3-d85a-4514-932a-9c17510e5425'),('2dae7c82-f765-4f6c-8e6e-185ca717a304','b2bb132c-bc70-43c1-8c88-10756aafff4e'),('2dae7c82-f765-4f6c-8e6e-185ca717a304','c7831745-5302-417d-bba8-7055e6354d8f'),('2dae7c82-f765-4f6c-8e6e-185ca717a304','ddf5e3d6-41d2-468d-ad24-a26d2147e30a'),('2dae7c82-f765-4f6c-8e6e-185ca717a304','eed9d596-a166-446f-8a76-190ad4880004'),('b2bb132c-bc70-43c1-8c88-10756aafff4e','c7831745-5302-417d-bba8-7055e6354d8f'),('c7831745-5302-417d-bba8-7055e6354d8f','b2bb132c-bc70-43c1-8c88-10756aafff4e'),('dbd00bf5-f701-464f-a313-b413919997a1','154d6ec3-5a34-47a7-aae4-b7192e992679'),('dbd00bf5-f701-464f-a313-b413919997a1','7de1a2d3-d85a-4514-932a-9c17510e5425'),('dbd00bf5-f701-464f-a313-b413919997a1','b2bb132c-bc70-43c1-8c88-10756aafff4e'),('dbd00bf5-f701-464f-a313-b413919997a1','c7831745-5302-417d-bba8-7055e6354d8f'),('dbd00bf5-f701-464f-a313-b413919997a1','ddf5e3d6-41d2-468d-ad24-a26d2147e30a'),('dbd00bf5-f701-464f-a313-b413919997a1','eed9d596-a166-446f-8a76-190ad4880004'),('eed9d596-a166-446f-8a76-190ad4880004','c7831745-5302-417d-bba8-7055e6354d8f');
/*!40000 ALTER TABLE `followers` ENABLE KEYS */;
UNLOCK TABLES;

--
-- Table structure for table `messages`
--

DROP TABLE IF EXISTS `messages`;
/*!40101 SET @saved_cs_client     = @@character_set_client */;
/*!50503 SET character_set_client = utf8mb4 */;
CREATE TABLE `messages` (
  `message_id` varchar(50) NOT NULL,
  `conversation_id` varchar(50) NOT NULL,
  `sender_id` varchar(50) NOT NULL,
  `content` text NOT NULL,
  `messageImg` varchar(255) DEFAULT NULL,
  `sent_at` datetime NOT NULL,
  `message_img` varchar(255) DEFAULT NULL,
  PRIMARY KEY (`message_id`),
  KEY `conversation_id` (`conversation_id`),
  KEY `sender_id` (`sender_id`),
  CONSTRAINT `messages_ibfk_1` FOREIGN KEY (`conversation_id`) REFERENCES `conversations` (`conversation_id`),
  CONSTRAINT `messages_ibfk_2` FOREIGN KEY (`sender_id`) REFERENCES `users` (`user_id`)
) ENGINE=InnoDB DEFAULT CHARSET=utf8mb4 COLLATE=utf8mb4_0900_ai_ci;
/*!40101 SET character_set_client = @saved_cs_client */;

--
-- Dumping data for table `messages`
--

LOCK TABLES `messages` WRITE;
/*!40000 ALTER TABLE `messages` DISABLE KEYS */;
INSERT INTO `messages` VALUES ('309e83e0-4164-40c0-88df-89e56537ffb5','d67b0123-e291-4ca0-9d58-751e737a7f78','154d6ec3-5a34-47a7-aae4-b7192e992679','Halooooooooooooo',NULL,'2023-11-06 16:12:16',NULL),('3861f8fa-6da9-485c-a59e-1f198df15d49','af52f451-356d-400a-bd0b-37d9e70e6f37','eed9d596-a166-446f-8a76-190ad4880004','What is the hell group?',NULL,'2023-11-06 22:36:23',NULL),('4452931b-e04c-4482-80a4-ee88e74c289d','4eabdef8-643f-4169-99ba-02bc0ec41f6c','c7831745-5302-417d-bba8-7055e6354d8f','Hello Spring',NULL,'2024-02-08 16:15:59',NULL),('45a96de7-d89d-4591-82f9-9b778e77eebe','e3ed6f57-2c7c-4c4e-98e1-5f7370ed01ba','eed9d596-a166-446f-8a76-190ad4880004','Alo anh em',NULL,'2023-11-07 00:58:47',NULL),('4762753d-5401-4599-9632-6807ca590ea0','d67b0123-e291-4ca0-9d58-751e737a7f78','154d6ec3-5a34-47a7-aae4-b7192e992679','Alo ban oi',NULL,'2023-11-06 16:13:47',NULL),('50c613ea-13b3-4cee-9589-bf85dd0e5060','ec292bb0-d4ff-4b8b-ab4d-d50db336c607','7e447495-bb1a-42c0-ab92-3784a9300785','Hello, I have multi account baned by you',NULL,'2023-11-06 23:50:47',NULL),('6b550b04-7804-4531-92bf-31f85a045826','d67b0123-e291-4ca0-9d58-751e737a7f78','154d6ec3-5a34-47a7-aae4-b7192e992679','Halooooooooooooo',NULL,'2023-11-06 16:12:36',NULL),('6cb6a63d-ae90-4882-a656-6c99bcb41d09','4eabdef8-643f-4169-99ba-02bc0ec41f6c','c7831745-5302-417d-bba8-7055e6354d8f','Hello Spring',NULL,'2024-02-08 16:15:35',NULL),('7d5f2371-1dd8-45be-a0c7-86286cbd3df0','d67b0123-e291-4ca0-9d58-751e737a7f78','154d6ec3-5a34-47a7-aae4-b7192e992679','Code xong chua ban oi',NULL,'2023-11-06 16:14:48',NULL),('895697e8-a38c-4fbb-a5d1-bd39d087176d','d67b0123-e291-4ca0-9d58-751e737a7f78','154d6ec3-5a34-47a7-aae4-b7192e992679','Halooooooooooooo',NULL,'2023-11-06 16:12:16',NULL),('a6905548-e0ee-411c-82b5-48cca5bfd8d1','4eabdef8-643f-4169-99ba-02bc0ec41f6c','c7831745-5302-417d-bba8-7055e6354d8f','Hello Spring',NULL,'2024-02-08 16:16:19','message/a6905548-e0ee-411c-82b5-48cca5bfd8d1.jpg'),('a7a67b4e-3a23-4b32-9c40-0169a9e1e198','ec292bb0-d4ff-4b8b-ab4d-d50db336c607','eed9d596-a166-446f-8a76-190ad4880004','Welcome to group Meta',NULL,'2023-11-06 22:37:05',NULL),('b801e1bf-df5d-4d04-8285-895c3669e7d1','81feb83c-6230-4dba-972e-d683bcc8019c','eed9d596-a166-446f-8a76-190ad4880004','Chào các mẹ',NULL,'2023-11-07 00:59:04',NULL),('cc4079c3-eb32-4b85-8157-766d60ba675e','af52f451-356d-400a-bd0b-37d9e70e6f37','b2bb132c-bc70-43c1-8c88-10756aafff4e','Hello, I\'m here',NULL,'2023-11-06 18:22:09',NULL),('d5b73757-3131-461c-8eff-2dbae53283bd','d67b0123-e291-4ca0-9d58-751e737a7f78','154d6ec3-5a34-47a7-aae4-b7192e992679','Halo',NULL,'2023-11-06 16:12:11',NULL),('f86d105b-e78b-4d72-a41d-83a27ce1ad25','d67b0123-e291-4ca0-9d58-751e737a7f78','154d6ec3-5a34-47a7-aae4-b7192e992679','Halooooooooooooo',NULL,'2023-11-06 16:12:16',NULL);
/*!40000 ALTER TABLE `messages` ENABLE KEYS */;
UNLOCK TABLES;

--
-- Table structure for table `participants`
--

DROP TABLE IF EXISTS `participants`;
/*!40101 SET @saved_cs_client     = @@character_set_client */;
/*!50503 SET character_set_client = utf8mb4 */;
CREATE TABLE `participants` (
  `conversation_id` varchar(50) NOT NULL,
  `user_id` varchar(50) NOT NULL,
  PRIMARY KEY (`conversation_id`,`user_id`),
  KEY `conversation_id` (`conversation_id`),
  KEY `user_id` (`user_id`),
  CONSTRAINT `participants_ibfk_1` FOREIGN KEY (`conversation_id`) REFERENCES `conversations` (`conversation_id`),
  CONSTRAINT `participants_ibfk_2` FOREIGN KEY (`user_id`) REFERENCES `users` (`user_id`)
) ENGINE=InnoDB DEFAULT CHARSET=utf8mb4 COLLATE=utf8mb4_0900_ai_ci;
/*!40101 SET character_set_client = @saved_cs_client */;

--
-- Dumping data for table `participants`
--

LOCK TABLES `participants` WRITE;
/*!40000 ALTER TABLE `participants` DISABLE KEYS */;
INSERT INTO `participants` VALUES ('26348ad6-3791-4ed4-8fbe-fb8c5c434240','eed9d596-a166-446f-8a76-190ad4880004'),('4eabdef8-643f-4169-99ba-02bc0ec41f6c','c7831745-5302-417d-bba8-7055e6354d8f'),('81feb83c-6230-4dba-972e-d683bcc8019c','eed9d596-a166-446f-8a76-190ad4880004'),('9c436794-2ea7-4f39-a78a-8618b6327fc2','c7831745-5302-417d-bba8-7055e6354d8f'),('af52f451-356d-400a-bd0b-37d9e70e6f37','b2bb132c-bc70-43c1-8c88-10756aafff4e'),('af52f451-356d-400a-bd0b-37d9e70e6f37','eed9d596-a166-446f-8a76-190ad4880004'),('d67b0123-e291-4ca0-9d58-751e737a7f78','154d6ec3-5a34-47a7-aae4-b7192e992679'),('d67b0123-e291-4ca0-9d58-751e737a7f78','c7831745-5302-417d-bba8-7055e6354d8f'),('d67b0123-e291-4ca0-9d58-751e737a7f78','eed9d596-a166-446f-8a76-190ad4880004'),('e3ed6f57-2c7c-4c4e-98e1-5f7370ed01ba','eed9d596-a166-446f-8a76-190ad4880004'),('ec292bb0-d4ff-4b8b-ab4d-d50db336c607','7e447495-bb1a-42c0-ab92-3784a9300785'),('ec292bb0-d4ff-4b8b-ab4d-d50db336c607','c7831745-5302-417d-bba8-7055e6354d8f'),('ec292bb0-d4ff-4b8b-ab4d-d50db336c607','eed9d596-a166-446f-8a76-190ad4880004');
/*!40000 ALTER TABLE `participants` ENABLE KEYS */;
UNLOCK TABLES;

--
-- Table structure for table `post_likes`
--

DROP TABLE IF EXISTS `post_likes`;
/*!40101 SET @saved_cs_client     = @@character_set_client */;
/*!50503 SET character_set_client = utf8mb4 */;
CREATE TABLE `post_likes` (
  `post_id` varchar(50) NOT NULL,
  `user_id` varchar(50) NOT NULL,
  PRIMARY KEY (`post_id`,`user_id`),
  UNIQUE KEY `unique_like` (`post_id`,`user_id`),
  KEY `user_id` (`user_id`),
  CONSTRAINT `post_likes_ibfk_1` FOREIGN KEY (`post_id`) REFERENCES `posts` (`post_id`),
  CONSTRAINT `post_likes_ibfk_2` FOREIGN KEY (`user_id`) REFERENCES `users` (`user_id`)
) ENGINE=InnoDB DEFAULT CHARSET=utf8mb4 COLLATE=utf8mb4_0900_ai_ci;
/*!40101 SET character_set_client = @saved_cs_client */;

--
-- Dumping data for table `post_likes`
--

LOCK TABLES `post_likes` WRITE;
/*!40000 ALTER TABLE `post_likes` DISABLE KEYS */;
INSERT INTO `post_likes` VALUES ('c0db5847-7501-44d1-8496-6346828d9dac','2dae7c82-f765-4f6c-8e6e-185ca717a304'),('d0e1c93a-23cd-4d7a-b5a6-3ffdbf359c78','b2bb132c-bc70-43c1-8c88-10756aafff4e'),('22126839-f061-41ad-8a7d-722f88cbe8be','c7831745-5302-417d-bba8-7055e6354d8f'),('836bd440-8489-4ca1-8dde-b3f5d02c75b0','c7831745-5302-417d-bba8-7055e6354d8f'),('d0e1c93a-23cd-4d7a-b5a6-3ffdbf359c78','c7831745-5302-417d-bba8-7055e6354d8f');
/*!40000 ALTER TABLE `post_likes` ENABLE KEYS */;
UNLOCK TABLES;

--
-- Table structure for table `posts`
--

DROP TABLE IF EXISTS `posts`;
/*!40101 SET @saved_cs_client     = @@character_set_client */;
/*!50503 SET character_set_client = utf8mb4 */;
CREATE TABLE `posts` (
  `post_id` varchar(50) NOT NULL,
  `title` varchar(255) NOT NULL,
  `post_img` varchar(255) DEFAULT NULL,
  `body` text NOT NULL,
  `posted_at` datetime NOT NULL,
  PRIMARY KEY (`post_id`),
  UNIQUE KEY `post_id_UNIQUE` (`post_id`)
) ENGINE=InnoDB DEFAULT CHARSET=utf8mb4 COLLATE=utf8mb4_0900_ai_ci;
/*!40101 SET character_set_client = @saved_cs_client */;

--
-- Dumping data for table `posts`
--

LOCK TABLES `posts` WRITE;
/*!40000 ALTER TABLE `posts` DISABLE KEYS */;
INSERT INTO `posts` VALUES ('005acf1d-e2ca-409b-9603-43ae81c8f222','Hello 122332112s9aisnasc',NULL,'Còn mình 25 tuổi Chỉ mong có nhiều tiền Chất ngổn ngang trong ví Và thẻ ATM.','2023-11-06 16:22:59'),('037979fa-320a-4120-a5c3-6c9cf3670684','Cach khong di lam van cos tien',NULL,'asddasfadsfadsfa','2023-11-06 16:16:57'),('040f7708-0005-47a8-992b-2ea4dc42d68b','Bố của ngôn tình 4',NULL,'Nàng trang điểm dưới ánh trăng Không biết nàng vì ai mà tổn thương Chim kia sánh đôi Cùng nhau ca hát Cớ sao nàng vẫn lệ hai hàng?  Nàng độc tấu cùng ánh trăng Chỉ có một mình lẻ loi dạo bước Cây liễu nằm rủ xuống Dường như cũng bi thương Cùng nàng thở dài gió lạnh đêm thâu  Người ta nói đã có tình thì mãi hướng về nhau Phải làm sao mới được cùng người chung giấc mộng Bi kịch trong lòng thật đau khổ Mộng mị nhớ mong Tự vấn đôi uyên ương trong tay vì ai mà thả bay?','2023-11-06 16:30:07'),('04c26555-d93d-46c7-8cbc-35473f1765d8','? Enchanting Lambdas ?',NULL,'Lambdas in Java are like spells that make your code concise and elegant. Learn how to wield this magic wand to write functional and expressive code that\'s a joy to work with.','2023-11-06 22:40:03'),('05357ce3-50ab-414d-b19f-8457b5d2713e','?? Excited to share some insights on SQL Optimization! ??',NULL,'In the realm of data, optimizing SQL queries is our secret weapon. Whether you\'re a seasoned database administrator or a budding data enthusiast, here are some professional tips to supercharge your database performance:   1️⃣ Elegant Query Design: Start with a well-structured query. Trim the fat – retrieve only what you need, and craft smart joins and filtering conditions.   2️⃣ The Magic of Indexing: Indexes are your SQL\'s best friend. Identify the right columns to index and choose the perfect index type for your data.   3️⃣ No SELECT * Allowed: Avoid the dreaded SELECT *! Fetch only the data you truly require to save resources and speed things up.   4️⃣ Normalization Nirvana: Keep your data in a normalized state to reduce redundancy and ensure database maintainability.   5️⃣ Peek Behind the Curtain: The EXPLAIN command is your oracle for query execution analysis. Use it to uncover bottlenecks and inefficiencies.   6️⃣ Batch It Up: When dealing with large datasets, batch processing shines, so you don\'t get bogged down with row-by-row operations.   7️⃣ Constant Vigilance: Monitoring and profiling are your allies. Keep a watchful eye on database performance and profile your queries to catch and fix inefficiencies.   Remember, the art of SQL optimization is all about finding the balance between query speed and resource utilization. It\'s a journey, not a destination. Let\'s ignite the discussion and share your SQL optimization stories! ?','2023-11-06 23:33:38'),('07e04b93-bd2c-4edd-a82c-34e662c62429','YouTube Data Analysis (End-To-End Data Engineering Project) ',NULL,'What will you learn? ✅ Python and PySpark ✅ SQL ✅ How to understand the business problem ✅ AWS Services - Athena, Glue, Redshift, S3, IAM ✅ Building Data Pipeline and Scheduling it','2023-11-06 22:56:24'),('0f5524c6-6ed8-44db-8f56-fc4e4afc0655','Ready to dive into the world of coding? ?',NULL,'Entering this path might seem challenging, but we\'ve compiled our top tips and tricks to guide you forward. ??  Dedication and persistence are essential when transitioning to a developer role. With a thirst for knowledge, you can reach your coding goals.  Anyone has the potential to become a coder, so the key is to remain persistent and continue sharpening your skills. ⚡️  Good luck on your journey!  How did you get your first developer job? Tell us about it in the comment section. ??','2023-11-06 23:44:23'),('1301f3eb-e34a-4295-8370-e5c1c5d8c4af','Bố của ngôn tình 9',NULL,'Anh muốn giúp có gì đâu mà dỗi Chỉ tiện đường nên han hỏi vậy thôi Hạt mưa đâu sa ướt mắt em rồi Nắng lạc đường tô hồng đôi má nhỏ  Rồi bóng dáng khuất giữa lòng phố xá Bỏ lại anh xao xuyến biết bao nhiêu Tia nắng nhỏ sao rực trời mùa hạ Một thoáng nhìn mà cũng hóa tình yêu…','2023-11-06 16:31:34'),('14901de1-27bc-48d8-b749-68f824293f22','Bố của ngôn tình 100',NULL,'Gom nắng vàng em gửi đến bên anh Biết nơi ấy giờ này cái nắng mong manh lắm Nắng bên này vẫn lung linh sắc thắm Gom cả ấm nồng từ sâu thẳm tim em  Gửi về người để cái nắng vàng thêm Nắng cuối thu rực rỡ lên rõ lạ Như biết mình sắp làm nhiệm vụ cao cả Nắng cũng mỉm cười nghiêng ngả bước chân ai  Nếu một ngày hạt nắng bỗng nhạt phai Đừng lo lắng bởi ngày dài lạnh ngắt Vẫn có bàn tay em nắm tay anh thật chặt Cùng đi qua những bước ngoặt cuộc đời  Một trái tim …có nắng …mãi sáng ngời Xin gửi trọn kèm theo lời thương nhớ Dẫu đôi ta hai phương trời cách trở Nhưng bóng hình nguyện giữ ở trong tim  Lúc nhớ người em sẽ chỉ lặng im Nhắm mắt lại ru hồn tìm lối mộng Cùng sớt chia những buồn vui cuộc sống Vẫn miệt mài gom nắng gửi cho anh !  Đêm Thâu Và Nỗi Nhớ Tác giả: Trúc Thanh  Giá như đời là giấc ngủ triền miên Để ta nhốt ưu phiền nơi mộng mị Để cay đắng không còn nơi ngự trị Cứ lạc quan phung phí những nụ cười  Xuân chưa tàn mà tia nắng kém tươi Cành mai rụng tả tơi vàng trước ngõ Anh vẫn đó, âm thầm…Ta vẫn đó Nhưng duyên tình như có chút đổi thay  Rồi cuộc đời sẽ qua hết đêm nay Có lẽ có ngày mai trời nắng đẹp Sẽ qua khỏi con đường đời nhỏ hẹp Thiên đường tình hờ khép sẽ mở ra  Niềm đau còn lợn cợn giữa tim ta Nguồn hy vọng đã già theo năm tháng Sao nước mắt chẳng nhòa đi dĩ vãng Ai mua sầu ta bán rẻ mà thôi  Ta lại vào trong nỗi nhớ xa xôi Kê cao gối bồi hồi miên man nghĩ Anh là bạn, nhân tình hay tri kỷ? Hay mộng đời ngự trị giữa đêm thâu?','2023-11-06 16:47:20'),('18b8669d-ee72-447b-a315-0a5e32e3cab6','Lorem Ipsum',NULL,'Lorem Ipsum is simply dummy text of the printing and typesetting industry. Lorem Ipsum has been the industry\'s standard dummy text ever since the 1500s, when an unknown printer took a galley of type and scrambled it to make a type specimen book. It has survived not only five centuries, but also the leap into electronic typesetting, remaining essentially unchanged. It was popularised in the 1960s with the release of Letraset sheets containing Lorem Ipsum passages, and more recently with desktop publishing software like Aldus PageMaker including versions of Lorem Ipsum.','2023-11-06 16:06:50'),('1d02c501-22ba-4c1d-983a-fd1abf47147f','Hello 122332112s9aisnascsdapsda',NULL,'Thì đành thôi, ta cạn chén Mạnh Bà Muốn quên hết nhưng lòng còn e sợ Giữ được nhau cần biết bao duyên nợ Người hứa rồi, mà Nguyệt Lão nở quên.    Đành ngày sau chẳng nhớ mặt, nhớ tên Buông một khắc, xa đời đời kiếp kiếp.','2023-11-06 16:24:48'),('1d6eb8e7-fa59-4ab7-a196-58068c3a8a63','SQL Interview Questions & Answers ??',NULL,'? Preparing for a SQL interview?  Whether you\'re a seasoned SQL developer or just starting your career, having a set of commonly asked questions and well-explained answers is essential.  Check out this comprehensive PDF guide with SQL interview questions and in-depth answers. It\'s a valuable resource to help you ace your SQL interviews and boost your database skills.','2023-11-06 16:51:25'),('1e6c7220-71cd-4599-9b73-9fe269a6b7e4','? ???????? ????? ?? ?????????? ?? ?????? (???) ??? ???? ?????? @ https://bit.ly/3FSR2Pj',NULL,'Generative AI, a transformative technology, has witnessed a skyrocketing demand in recent years. It encompasses various machine learning models, such as GANs (Generative Adversarial Networks) and language models like GPT-3, that can create realistic content, from images to text. This demand is driven by its broad applications across industries. In healthcare, it assists in drug discovery and medical image analysis. In the creative sector, it generates art, music, and literature. In customer service, chatbots powered by generative AI enhance user interactions. Furthermore, it streamlines content creation and automation, making it indispensable for businesses. As the capabilities of generative AI continue to evolve, its demand is poised to surge even further.','2023-11-06 22:33:24'),('2054597c-a85d-43be-bd5c-2c5e228b1b28','Huge success for ASTEK Polska today at #infoshareDEV!',NULL,'Discussions with clients to enhance the partnerships, lots of potential future colleagues met, solid technical speech provided on the role of AI on the future of front-end development. Of course always inspiring to share around new trends with IT professionals and the added value Astek can bring into it. Refreshing ! Thank you to all the people that made it possible.  Let’s continue our discussions in our brand new HQ based in the smartest building of downtown Warsaw! #Q22','2023-11-06 23:16:13'),('21aebead-8461-4061-8320-7e0aeb893e00','? The Art of Exception Handling ?',NULL,'Java\'s exception handling is like a safety net for your code. Master the art of handling exceptions to ensure your programs gracefully handle errors and provide a seamless user experience.','2023-11-06 22:39:24'),('22126839-f061-41ad-8a7d-722f88cbe8be','Exciting Medical Technology News!',NULL,'Engineers at MIT created a smart robotic thread to treat brain obstructions such as aneurysms and strokes. This tiny thread carefully navigates brain blood arteries, giving sufferers new hope.  This magnetically driven robotic thread might help surgeons fix blockages during the critical first 90 minutes, averting long-term harm.  What\'s more, it may minimise the need for surgery and radiation exposure for patients and clinicians, making brain operations more accessible.  The robotic thread moves smoothly by using hydrogels and magnets, protecting vessel linings.  Surgeons may be able to remotely direct it using magnetic fields in the future for even less intrusive treatments! ?','2023-11-06 18:11:56'),('2265fe8e-baf8-4cdb-a94b-1b14a588a841','Lorem Ipsum',NULL,'Lorem Ipsum is simply dummy text of the printing and typesetting industry. Lorem Ipsum has been the industry\'s standard dummy text ever since the 1500s, when an unknown printer took a galley of type and scrambled it to make a type specimen book. It has survived not only five centuries, but also the leap into electronic typesetting, remaining essentially unchanged. It was popularised in the 1960s with the release of Letraset sheets containing Lorem Ipsum passages, and more recently with desktop publishing software like Aldus PageMaker including versions of Lorem Ipsum.','2023-11-06 16:06:53'),('273683ac-2ae2-4472-8311-4ab8ee96b23c','Frends Enterprise iPaaS Frends Enterprise iPaaS',NULL,'In today\'s challenging economic environment, CFOs grapple with issues like ensuring financial stability, driving operational efficiency, and adapting to digital transformation. Integration Platform-as-a-Service (iPaaS) solutions, particularly Frends, emerge as vital tools in this landscape. From extending the life of legacy systems like ERPs using Facade APIs to ensuring cost efficiency through business process automation, Frends offers a comprehensive solution. Dive deeper into how Frends is becoming the go-to ally for CFOs in these trying times. #ipaas #tco #business #integrations #cfo #cto','2023-11-06 23:18:01'),('29972382-7cbb-494d-9641-d53d48b0b435','Do you need to be a genius to become a Staff Engineer @ FAANG making $600,000+ per year? No, but you absolutely need to be hard working.',NULL,'This week, Raviraj Achar shared his career story with me about how he went from an intern at Microsoft to a Staff Engineer at Meta even though he had imposter syndrome at every step.  What sets his story apart is how transparent he is about what could have gone better and all the relevant takeaways there are. There are stories about:  1. Receiving a lot of feedback as a junior engineer on his first team 2. Concrete changes he made that helped him ramp up well in ambiguous areas 3. Growing into an engineering leader on his team 4. What made the ultimate difference in getting his Staff promotion  I enjoyed reading his story as we worked on it together. We put a lot of effort into it to make sure it is helpful and high quality. You can read it here:','2023-11-06 23:09:56'),('2a7e38b0-df36-4038-8d39-d8244b009b64','iOS devs, is anyone using Vim with Xcode?',NULL,'I\'m dipping my toes into iOS development and I really miss my Vim key bindings in XCode. The \"Vim Mode\" is nice but it has only default key bindings which are not really comfortable.','2023-11-06 16:41:20'),('2b4f687a-2f16-49e3-b3e8-43e0d0364d4b','Hello',NULL,'This is my post 12345674567854234546','2023-11-06 16:14:40'),('2d48acc6-72d6-47c1-9a12-256401969aa9','Hello 122332112',NULL,'This is my post 12345674567854234546sdsakjdasg oshaconsdai scdaochdoapscah s','2023-11-06 16:15:37'),('2dfdd6a8-fa6a-4136-8ec5-040c80be8043','? Enigmatic Enums ?',NULL,'Enums are like magical scrolls that help you create a fixed set of constant values. Discover their hidden potential to enhance the readability and robustness of your code. ?','2023-11-06 22:40:19'),('2f971f2f-0b59-4fa1-beab-cd9791aefe06','??? ?? ???? ???????? ?????? ???? ?? ???? ??:',NULL,'One of the main misconceptions about Next JS SSR is that it is not possible to keep children of a CS parent as a SS component. As a rule of thumb, if a component get imported to a CS component, it will become CS component too, but if its imported to a SS component and get wrapped inside a CS component, it remains SS and as a child have access to all the passed props. This method also allows developers to still use context api by just making a bridge component which usually is called providers. In the end its the understanding of developers about the components relation and how to break a page into multiple components depend on the rendering method and also for reusability.','2023-11-06 16:40:08'),('3213d703-6d80-46aa-820c-981cdb51d32a','Bố của ngôn tình',NULL,'Đặt tình yêu ở trong tâm, ngày qua mãi tôn thờ. Vòng quay lăn bánh xe thời gian, một ngọn nến sáng soi. Nào ai muốn mãi chia ly, lòng mong ước bên nàng. Nguyện yêu thương đến cuối đời nhau, lại nhận lấy nỗi đau.','2023-11-06 16:28:53'),('32b16865-688e-4e12-b687-cbe184ae94e8','Hi all, em gửi anh/chị tham khảo 5 tool AI dành cho những ai làm Recruiter, mời mọi người tham khảo nhé! Chúc cả nhà 1 tuần nhiều niềm vui :b',NULL,'1. Recruitin: https://recruitin.net/ Đây là tool giúp quét, phân tích hồ sơ ứng viên trên Linkedin, Facebook, Instagram... 2. Mentimeter: https://lnkd.in/g_UeiDmA Đây là tool giúp bạn tạo và chia sẻ các cuộc khảo ất, câu hỏi trực tuyến... để tương tác với mọi người. Ứng dụng này giúp các bạn HR tạo quiz khi teambuilding, khảo sát ý kiến nhân viên.... 3. HireRight: https://www.hireright.com/ Tool dùng AI để viết JD ở mọi vị trí công việc chỉ trong vài phút. Để cho ra JD chính xác, bạn cần nhập dữ liệu, sau đó tool sẽ viết JD, kết quả trả về sẽ là JD với đầy đủ thông tin, chuyên nghiệp và thu hút. 4. Lisa Recruiter: https://lisarecruiter.com/ LISA ứng dụng trí tuệ nhân tạo giúp Recruiter phân tích, tổng hợp CV ứng viên, giúp bạn tiết kiệm 80% thời gian đọc CV. 5. Improver: https://improver.io/ Tool giúp bạn tìm ứng viên trên Linkedin, tự động match job phù hợp với các bạn ứng viên đang có nhu cầu tìm việc.','2023-11-06 18:08:08'),('32e242d3-75cd-4ae9-9231-6154474ce553','Tips React',NULL,'React JS Interview Questions you need to know before your interview⁉️?  Practice on it for better results ✅','2023-11-06 16:36:54'),('334138f3-7119-40d5-ba7c-15cc0060f2e9','This robot has two hands that can move smoothly like ours.',NULL,'It can perform multiple tasks at once with both hands and fingers.  ---- Join 30,000+ Entrepreneurs & Professionals who benefit from our FREE AI, Technology newsletter —> https://lnkd.in/gG6KCpuw ----  The complexity of jobs it can handle is increasing.  The moment when a human shakes hands with the robot is quite surprising.  However, there may come a day when robots will completely replace us.  This is XPENG\'s newest humanoid robot.','2023-11-06 16:39:39'),('36f30240-ffaf-436d-9b3b-c96dacce7674','Ever wondered how websites and apps you use every day are built? ?',NULL,'Web development is about crafting experiences, telling stories, and connecting the dots in this digital universe. Behind every engaging website is a developer with creativity, logic, and passion. ?  The digital world offers countless opportunities for enthusiastic individuals to find their place. Whether you\'re just starting or looking to sharpen your skills, there\'s always room to grow, innovate, and make an impact. ?  Discover our \'Learn Modern Web Development\' program, available exclusively on our campus site, to get started with web development.  What\'s one digital project you\'ve always dreamt of creating? Tell us about it in the comment section ?','2023-11-06 23:46:33'),('43738f87-2fb9-44fc-861e-fc442d15ca6b','? Dynamic Proxy Delight ?',NULL,'Dynamic proxies are like shape-shifters in Java. They allow you to create proxy classes dynamically, giving you the ability to intercept method calls and add custom behavior. Learn how to use them for dynamic code manipulation. ?‍♂️?','2023-11-06 22:44:16'),('459fb2b5-143d-4740-8de3-43b4398c041b','Lorem Ipsum',NULL,'Lorem Ipsum is simply dummy text of the printing and typesetting industry. Lorem Ipsum has been the industry\'s standard dummy text ever since the 1500s, when an unknown printer took a galley of type and scrambled it to make a type specimen book. It has survived not only five centuries, but also the leap into electronic typesetting, remaining essentially unchanged. It was popularised in the 1960s with the release of Letraset sheets containing Lorem Ipsum passages, and more recently with desktop publishing software like Aldus PageMaker including versions of Lorem Ipsum.','2023-11-06 16:06:51'),('46f74359-a971-441b-aec6-60587f28d9b0','Lorem Ipsum',NULL,'Lorem Ipsum is simply dummy text of the printing and typesetting industry. Lorem Ipsum has been the industry\'s standard dummy text ever since the 1500s, when an unknown printer took a galley of type and scrambled it to make a type specimen book. It has survived not only five centuries, but also the leap into electronic typesetting, remaining essentially unchanged. It was popularised in the 1960s with the release of Letraset sheets containing Lorem Ipsum passages, and more recently with desktop publishing software like Aldus PageMaker including versions of Lorem Ipsum.','2023-11-06 16:06:50'),('47c437b1-27dc-4eb8-85af-e08b8626b596','the collaboration and synergy between Quality Assurance (QA) professionals and Developers in the software development process, while also encouraging interaction and shares',NULL,'? The Power of Synergy: QA vs. Developers In the dynamic world of software development, it\'s not a battle between QA and Developers; it\'s a harmonious collaboration. ? ? Quality Assurance (QA) professionals meticulously examine every nook and cranny of the codebase, searching for bugs and ensuring quality standards are met. ? Developers, on the other hand, are the creative architects who bring ideas to life through code. They are the builders, the visionaries, and the problem solvers. ? Together, they form a tech dream team. ? ✨ Developers + QA = Quality Software ✨ ?️ Developers craft the masterpiece, and QA ensures it\'s polished to perfection. They share a common goal: delivering top-notch software. ? But here\'s the twist - it\'s not just about what they do; it\'s about HOW they do it together. The communication, the feedback, and the collaboration are what elevate a project. ?️ It\'s a dialogue, not a monologue. A symphony, not a solo. Teamwork makes the dream work! ? So, let\'s celebrate this incredible synergy that fuels innovation and drives the tech world forward. Who\'s part of your tech dream team? Give them a shoutout in the comments below! ?','2023-11-06 22:38:36'),('47cba968-6554-4acf-b09e-3397d4e6bd45','Trust, but verify. Its important to verify and validate information, which is a fundamental principle in software audits, ensuring that systems are accurate and compliant.',NULL,'?Security Audit: Focuses on identifying and mitigating security vulnerabilities in the code, such as SQL injection, cross-site scripting, and authentication weaknesses.   ?Code Review Audit:This involves reviewing the source code of a software project to assess its quality, adherence to coding standards, and potential security vulnerabilities.  ?License Compliance Audit: Ensures that the software and libraries used in a project comply with their respective licenses, avoiding legal issues related to intellectual property.  ?Performance Audit: Evaluates the software\'s performance, looking for bottlenecks and areas for optimization.  ?Process Audit: Examines the development processes and workflows, ensuring they are efficient and follow best practices, such as Agile or DevOps.  ?Documentation Audit : Checks the completenes and accuracy of documentation, including code comments, user manuals, and system architecture diagrams.  ?Compliance Audit: Ensures that the software complies with industry-specific regulations, like HIPAA for healthcare or GDPR for data protection.','2023-11-06 23:05:26'),('4b2dcd2d-bc8b-405b-8cd6-6ddf0938d344','Python',NULL,'Certainly! The walrus operator, := is used for assignment expressions in Python. It allows you to assign a value to a variable as part of an expression','2023-11-06 16:20:34'),('4b53f8ad-0323-4815-a3bc-4c7ee4f9d004','Lorem Ipsum',NULL,'Lorem Ipsum is simply dummy text of the printing and typesetting industry. Lorem Ipsum has been the industry\'s standard dummy text ever since the 1500s, when an unknown printer took a galley of type and scrambled it to make a type specimen book. It has survived not only five centuries, but also the leap into electronic typesetting, remaining essentially unchanged. It was popularised in the 1960s with the release of Letraset sheets containing Lorem Ipsum passages, and more recently with desktop publishing software like Aldus PageMaker including versions of Lorem Ipsum.','2023-11-06 16:06:51'),('4f497b7b-ed83-43c8-a065-cadce94a89bf','Hello 122332112',NULL,'asdashod ahsocndao shdcoasjda odoahsod hasoahcdo aodchoah dsoachdaodsoa','2023-11-06 16:16:07'),('4fb2552f-a01e-4eec-a195-9bc4d460ce34','Hello World!',NULL,'Hello nodejs','2023-11-06 16:06:35'),('541b2735-13c6-40db-9c42-d5528aa63566','?✨ Unveiling the Magic of Java: 10 Unique Tricks! ✨?',NULL,'? Dive into the world of Java and discover the fascinating tricks that will elevate your coding skills! ?','2023-11-06 22:39:02'),('55ec103f-bcdc-410a-87d0-424fa6ac4f3b','How to create a popup with html and css only, No js',NULL,'Popups can be created with HTML and css only with the help of input and css. use the input type checkbox to close and open the popup based on the checked condition of input.  ? demo & source code https://lnkd.in/dwuuhsSg  what to use for this ? 1. Input type checkbox ? 2. input: checked ? 3. input:not(:checked) ? 4. use the label as a button to check or uncheck input','2023-11-06 16:39:14'),('56d94477-3903-469f-a466-1d4d15b6030d','Bố của ngôn tình 6',NULL,'Người vô tình vẽ hoa, vẽ lá, Tôi đa tình tưởng đấy là mùa xuân. Nắng không về nữa, thế là mưa bay, Tớ không chờ nữa, thế là buông tay. Vạn hạt mưa rơi, không hạt nào rơi nhầm chỗ. Những người ta gặp, không người nào là ngẫu nhiên. Tuyết tan, mưa tạnh, hoa tàn. Nắng tắt, đêm trôi, lòng người thay đổi. Trăm năm chết bởi chữ tình, Sinh lòng thù hận cũng vì chữ yêu','2023-11-06 16:30:37'),('56de4197-5ca5-434c-a507-83b7ae01e389','??? ???????? ???? ????',NULL,'❗️Cloud, Data & AI vẫn là những chủ đề hot được nhắc đến.  ❗️Trong các Khách hàng đã từng triển khai giải pháp Private Cloud của Amigo thì có 2 khách hàng lựa chọn hạ tầng máy chủ của HPE và công nghệ VMware Cloud Foundation(VCF): một ngân hàng & một công ty bảo hiểm đều nằm trong Top 50 Công ty Kinh doanh hiệu quả nhất Việt Nam.','2023-11-06 23:08:00'),('576ea51f-e546-4a6d-aadc-995aec829551','Lorem Ipsum',NULL,'Lorem Ipsum is simply dummy text of the printing and typesetting industry. Lorem Ipsum has been the industry\'s standard dummy text ever since the 1500s, when an unknown printer took a galley of type and scrambled it to make a type specimen book. It has survived not only five centuries, but also the leap into electronic typesetting, remaining essentially unchanged. It was popularised in the 1960s with the release of Letraset sheets containing Lorem Ipsum passages, and more recently with desktop publishing software like Aldus PageMaker including versions of Lorem Ipsum.','2023-11-06 16:06:53'),('57e258f4-c247-47f7-8128-7504d997b53b','aasdasdas',NULL,'asdfasdasdfadsfadsfsdf','2023-11-06 16:06:39'),('588495b1-5e6a-4fbd-884c-f63141e1975e','Test Your React Knowledge and leave a vote! ?',NULL,'Dive into the world of React, share with friends, and let\'s see who\'s the React champ among you!?','2023-11-06 23:45:04'),('62fd78c6-3dd3-4def-88fe-6cb73e3251b6','Database',NULL,'Artificial Intelligence Echo Systems & AI Technology Stack: A Comprehensive Exploration of AI Research, Innovative, and Real-World Applications : https://lnkd.in/dDuenZ8v','2023-11-06 16:20:13'),('6521afbf-3dd0-4e41-a1d9-760ef67d3ff0','Ever wondered how to detect a double click in #React?',NULL,'While React does offer a native onDoubleClick event, using the onClick event with the detail property provides more flexibility, especially if you\'re juggling both single and double click functionalities on the same element.  In the attached code there is a simple way to handle double clicks.  The event.detail property gives the number of consecutive clicks. A value of 2 indicates a double click!  While the native onDoubleClick is straightforward, combining it with onClick might lead to unexpected behaviors. With the above approach, you get more control and clarity.  For those keen to explore deeper, check out the React documentation on event handling: https://lnkd.in/e6f3W8gb','2023-11-06 16:40:49'),('690f9167-ce4e-4913-ac36-10a86c3e6e95','A Guide to Database Design! ?',NULL,'In the digital age, databases are the backbone of many applications. Let\'s dive into the world of data architecture and unlock the potential of data-driven applications! ??  Key topics covered: ? Understanding the importance of database design in application development. ? Data modeling techniques and normalization for optimal database structure. ? Performance optimization strategies for faster query processing. ? .How to overcome challenges to Databases while Scaling . ? Databse Sharding Architectures.  https://lnkd.in/dXemz9qX','2023-11-06 22:34:52'),('69ea0434-4882-43e1-be0b-c03444d82bb2','How to create a static clone of a #ChatGPT website in just 12 lines of code! ??',NULL,'Step 1: Begin by installing Node.js and initializing a package.json file in an empty folder with \'npm init -y.\'  Step 2: Set up an Express boilerplate for your HTTP server inside index.js. You can follow the guide here: https://lnkd.in/dKAyn5fg  Step 3: Instead of \'Hello World,\' send the ChatGPT markup, which you can obtain by visiting OpenAI\'s website at https://chat.openai.com/ and inspecting the Network tab. Copy the initial markup and replace \'Hello World\' within backticks(Comment WHY backticks??).  Step 4: Run the server using \'node index.js\' and visit localhost:{{specified_port}}.  Voila! You now have your own static ChatGPT clone. In addition to the HTML markup, you\'ll retain some JavaScript functionality, allowing features like Dark Mode, light mode, Modals/Dialogs, and more to work seamlessly.','2023-11-06 23:08:20'),('720144c5-8574-468c-83ec-ea7d72ef1274','? OOPS Concepts in Real Life ??',NULL,'As developers, we always strive to write clean, maintainable, and efficient code. One powerful approach to achieve these goals is through Object-Oriented Programming (OOP). Let\'s explore how OOP can supercharge our development process:  ? Reusable Code: OOP encourages the creation of classes and objects, promoting code reusability. This means we can leverage existing code for similar functionalities, saving time and effort in the long run.  ? Improved Collaboration: OOP fosters modularity and encapsulation, making it easier for multiple developers to collaborate on a project simultaneously without interfering with each other\'s work.  ? Boosted Productivity: By breaking down complex problems into smaller, manageable classes, OOP enables developers to work on different components concurrently, accelerating development speed.  ? Flexibility and Scalability: OOP design allows us to extend and modify our codebase without affecting other parts of the application. This flexibility is vital as projects evolve and grow over time.  ? Enhanced Security: Encapsulation and data hiding provided by OOP helps protect sensitive data and prevent unauthorized access, contributing to overall application security.  ? Performance Optimization: OOP promotes a more organized and structured codebase, leading to better performance and optimized resource usage, resulting in faster applications.  ? Adaptability to Changes: In the dynamic world of software development, changes are inevitable. OOP\'s modular nature makes it easier to update, refactor, and maintain code in response to changing requirements.  ? Continuous Learning: Understanding OOP concepts such as inheritance, polymorphism, and abstraction open doors to endless possibilities for self-improvement and staying relevant in the ever-evolving tech landscape. Let\'s continue to harness the power of OOP in our project.','2023-11-06 18:08:39'),('72f2c029-7d73-4482-a781-d832d9d88ac9','Automated Valet Parking. Fast, safe, driverless!',NULL,'Parking your car yourself is a thing of the past — automated valet parking has no need for a driver.  Would trust them more than a human valet?  To stay up to date with tech, click here:  https://lnkd.in/dzfrAajS','2023-11-06 22:32:33'),('74f4ccfa-b31c-4599-aa1e-d38903c212de','CFA Institute',NULL,'In finance, it\'s not just about numbers, it’s about skills. The industry treasures diverse qualifications, welcoming graduates from all fields. Here’s how you can succeed in finance with a STEM degree.','2023-11-06 23:15:53'),('7701a5e8-82d2-4383-a576-38542bca1c8e','This is how you can become a senior developer in your company',NULL,'There’s only one big difference between junior devs & senior devs according to me  “Senior devs have standards in every situation”  Hear me out!!  Even a naive high-school student can also write some lines of code that work today.  The hard part is getting those lines of code to work tomorrow.  We devs always chase deadlines to deliver the features and I know there’s a pressure to deliver  but junior devs underdeliver the quality of the code just to make the code work  Whereas senior devs have standards to maintain.  Senior devs care about writing code that works for the longest time. There are no shortcuts even when there’s a deadline.  If you take a shortcut, you increase your future work because there will be an evening when the code will stop working.  For senior devs, the clean code is more than a book, more than a mantra. They practice it every day.  To become a senior dev, make sure you build your standards for coding.','2023-11-06 16:38:26'),('7b3bea38-ef68-4fac-b651-78f928831235','Bố của ngôn tình 3',NULL,'Cõi hồng trần chinh phạt bấy nhiêu năm Ôm giấc mộng một lần làm bá chủ Trái tim đá chưa từng nghe khuất phục Bỗng ngập ngừng trước giọt lệ giai nhân','2023-11-06 16:29:53'),('7f2adde2-1874-43a2-8658-d4a6c1a053a6','Bố của ngôn tình 7',NULL,'Chiếc áo trắng có làm chi nên tội Sao vô tình em vò giữa lòng tay? Nhà của anh cũng ở cuối đường này Đưa cặp vở anh cầm cho đỡ nặng  Anh một gã đã yêu niềm cay đắng Chẳng nỡ nào làm tội trái tim em Có chi đâu em lại nói: chẳng thèm! Để con phố lại dài thêm mấy đỗi','2023-11-06 16:30:54'),('7fb5ebcc-ef06-4bcd-b1c0-e4e0d652fa8c','Bố của ngôn tình 2',NULL,'Và trăm năm sau thế nhân đổi thay, lòng vẫn nuôi chữ Tình Còn bao đau thương phải quên nhân gian đầy não phiền. Kìa trong tim ta thấm sâu bao nụ cười tình yêu muôn thuở Dù ta biết ánh mắt đắm say bao nhiêu lần muôn trùng cách xa.','2023-11-06 16:29:28'),('7fbfb176-4660-482d-81ee-28c36ad2de94','???? ??? ????? ?? ??????????? ???? ?????.??? ????\'? ???:',NULL,'1. ?????????? ??? ????? ?? ?????.???    - React.js is an open-source framework by Facebook.    - It simplifies building web apps with less code.    - Imagine building a web app with vanilla JavaScript ? using React.js: React makes it faster! ⏩  2. ?????? ??? ?????? ?    - Start with a simple \"Hello World\" React component:  <!--       import React from \'react\';     function App() {     return <div>Hello World</div>;    }     export default App;   -->     - Learning the fundamentals paves the way to more complex projects.  3. ??? ???????????    - Break your UI into reusable components.    - For instance, create separate components for the header, footer, and content:  <!--       function Header() {     return <header>My App Header</header>;    }     function Footer() {     return <footer>© 2023 My Company</footer>;    }     -->  4. ?????? ????? ???? ? ??? ?    - Learn about React\'s state management.    - Keep track of data that changes over time.    - Example: Creating a counter component with state:  <!--    import React, { useState } from \'react\';     function Counter() {     const [count, setCount] = useState(0);      return (      <div>       <p>Count: {count}</p>       <button onClick={() => setCount(count + 1)}>Increment</button>      </div>     );    }    -->  5. ??????? ????? ????????? ?    - Discover React Router for navigation.    - Dive into libraries like Redux for global state management.    - The React ecosystem is vast and offers solutions for various needs.  6. ???? ??-??-???? ?    - React evolves, and new features emerge.    - Keep learning and adapting to the latest trends in React development.    - Online tutorials like W3Schools.com, Tutorialspoint, JavaTpoint.com, blogs, and courses can help you stay current.  ? ????? ?? ????? ?? ???? ?????.?? ?????  Follow these steps to become a React pro!  Whether you\'re a newbie or a seasoned developer, React\'s power is at your fingertips. ???  Save ? this document and share ? with your friends! ?✨  follow Abhinand Krishna A for more Tech Content ?','2023-11-06 23:41:19'),('836bd440-8489-4ca1-8dde-b3f5d02c75b0',' TransPerfect',NULL,'Last weekend, the incredible team at Fundación Adecco organized an inspiring riverside clean-up initiative along the picturesque Besós River by Barcelona. With over 30 dedicated volunteers from Adecco, Marenostrum, Fundesplai, and our TransPerfect teams, we made a positive impact on our local environment and community.  Together, we\'re not just cleaning up the riverbanks but also strengthening bonds, fostering teamwork, and making a big difference. We shared this incredible experience with individuals with disabilities, aiming to boost their employment prospects, enhance their social abilities, and advance their inclusivity, aligning with Adecco\'s inspiring mission.  Thank you to everyone who joined us in this meaningful effort! Let\'s continue working together for a better and more sustainable tomorrow.  For a deeper look into this inspiring initiative and our collaborative journey, check out this insightful article here: https://lnkd.in/g9NeSHAc','2023-11-06 23:21:14'),('85c0788d-207e-4735-896a-029ff39d5dc9','Bố của ngôn tình 10',NULL,'Khi tôi nằm lên phiến đá Đau thương bỗng biết cựa mình Rừng thu đổ thêm nhiều lá Mầm non vừa nhú hồi sinh','2023-11-06 16:31:46'),('88490934-c61c-4d0f-a615-89a518344442','Bố của ngôn tình 11',NULL,'Anh nhớ, cái nhớ tự dưng Chới với giữa đôi môi đỏ Ngọt ngào thầm thì to nhỏ Làm như bỏ đói lâu ngày…  Khoảng không như uống rượu say Bàn tay… hư này… khám phá Con tim loạn điên hoảng quá Đứt quãng hơi thở mất rồi…','2023-11-06 16:41:18'),('896a0d86-cdbe-4a48-b872-752973e6e64a','Hello 122332112s9aisnasc',NULL,'Một ngàn năm chờ đợi cõi U Minh Chút tình riMột chữ “Thương” lạc lõng trên Nại Hà Chút tơ lòng rơi Vong Xuyên róc rách Buồn thì không, nhưng lòng đau như cắt Người chờ người, chờ đến phải chia xaêng gửi nhành hoa bỉ ngạn Luyến lưu ai, đỏ Hoàng Tuyền mấy đoạn? Thương người không thấy người, như lá chẳng thấy hoa.','2023-11-06 16:23:46'),('8f28869c-c0c4-4793-bbe1-2c3db6331f1f','Lorem Ipsum',NULL,'Lorem Ipsum is simply dummy text of the printing and typesetting industry. Lorem Ipsum has been the industry\'s standard dummy text ever since the 1500s, when an unknown printer took a galley of type and scrambled it to make a type specimen book. It has survived not only five centuries, but also the leap into electronic typesetting, remaining essentially unchanged. It was popularised in the 1960s with the release of Letraset sheets containing Lorem Ipsum passages, and more recently with desktop publishing software like Aldus PageMaker including versions of Lorem Ipsum.','2023-11-06 16:06:51'),('939bdd00-8f21-49dd-bb19-88d81a008665',' Flexbox is used to create responsive web designs and complex arrangements.',NULL,'flex-direction defines the primary axis for arranging flex items, allowing for horizontal or vertical layout control.  ? flex-direction comes with four values: row, row-reverse, column and column-reverse.  Follow me for more ?','2023-11-06 23:05:01'),('93f77050-cb10-458f-80bc-4009a46f91ae','? The Wonders of Reflection ?',NULL,'Reflection allows you to examine and manipulate the structure of classes at runtime. It\'s like looking into a crystal ball to see what\'s going on in your code. We\'ll show you how to use it for dynamic and powerful applications! ?','2023-11-06 22:39:36'),('96eab16d-b822-4ce9-8550-4970e0a56426','Lorem Ipsum',NULL,'Lorem Ipsum is simply dummy text of the printing and typesetting industry. Lorem Ipsum has been the industry\'s standard dummy text ever since the 1500s, when an unknown printer took a galley of type and scrambled it to make a type specimen book. It has survived not only five centuries, but also the leap into electronic typesetting, remaining essentially unchanged. It was popularised in the 1960s with the release of Letraset sheets containing Lorem Ipsum passages, and more recently with desktop publishing software like Aldus PageMaker including versions of Lorem Ipsum.','2023-11-06 16:06:51'),('9ae256b6-261c-4d4e-8849-00b80033eb4a','Bố của ngôn tình 9',NULL,'Chiếc áo trắng có làm chi nên tội Sao vô tình em vò giữa lòng tay? Nhà của anh cũng ở cuối đường này Đưa cặp vở anh cầm cho đỡ nặng  Anh một gã đã yêu niềm cay đắng Chẳng nỡ nào làm tội trái tim em Có chi đâu em lại nói: chẳng thèm! Để con phố lại dài thêm mấy đỗi  Anh muốn giúp có gì đâu mà dỗi','2023-11-06 16:31:22'),('9b04817a-72be-4b78-95c6-3b6a96d6cc0c','Lorem Ipsum',NULL,'Lorem Ipsum is simply dummy text of the printing and typesetting industry. Lorem Ipsum has been the industry\'s standard dummy text ever since the 1500s, when an unknown printer took a galley of type and scrambled it to make a type specimen book. It has survived not only five centuries, but also the leap into electronic typesetting, remaining essentially unchanged. It was popularised in the 1960s with the release of Letraset sheets containing Lorem Ipsum passages, and more recently with desktop publishing software like Aldus PageMaker including versions of Lorem Ipsum.','2023-11-06 16:06:50'),('9b0ec315-7b5e-4253-a93c-6f5519f875c0','La rentrée ça se fête !',NULL,'Pour la plupart d\'entre nous, les vacances sont finies depuis quelques temps... ces semaines de rentrée ont été marquées par de nombreux événements de #convivialité au sein d\'#Astek. Déjeuners d\'équipe, teambuildings, activités sportives ou simples afterworks, nos collaborateurs ont eu l\'occasion de se rencontrer et de se retrouver pour échanger dans un cadre informel ! ? #CARE','2023-11-06 22:33:40'),('a281a2da-4cc2-4940-92a8-82daa292f0f4','Ready to elevate your website? ?',NULL,'We\'ve all landed on websites with non-responsive designs, taking endless loading times, struggling with navigation and outdated content. It\'s a web nightmare! ?  Building a better website is not just about aesthetics; it\'s about creating a seamless user experience that guides your visitors effortlessly. Remember, a user-friendly website is the foundation of any online business or brand.?  Avoiding common website mistakes ensures increased user engagement and enhanced accessibility, boosting your site\'s overall credibility. ?  What steps have you taken to improve your website\'s user experience? Let us know in the comment section down below??','2023-11-07 00:12:31'),('a430c81f-e974-4194-8fcd-70962f1626fe','? Java Security Sorcery ?',NULL,'Java\'s security features are your secret guards against cyber threats. Discover the enchanting world of Java security and learn how to protect your applications from vulnerabilities and breaches. ?️?‍♂️','2023-11-06 22:44:36'),('a4a9087f-5e6b-4e47-aa6f-2dfa583d9997','Hello 122332112s9aisnasc',NULL,'Một ngàn năm chờ đợi cõi U Minh Chút tình riêng gửi nhành hoa bỉ ngạn Luyến lưu ai, đỏ Hoàng Tuyền mấy đoạn? Thương người không thấy người, như lá chẳng thấy hoa.','2023-11-06 16:23:34'),('a848e8a1-cf13-4692-8c7b-05af33989ae6','Do you want to learn SQL and looking for some Best SQL Coursera Courses?',NULL,'If yes, you can check these 8 Best SQL Courses on Coursera-  https://lnkd.in/ggnjjpDv  Coursera has a wide range of SQL courses. That’s why I thought to share these Courses with you.  I hope you will find these courses helpful.  Happy Learning!','2023-11-06 23:19:49'),('ad7408ed-c51d-4ddb-9c5e-beb184887a71','Bốc phốt nhóm 4 ',NULL,'ai cũng buồn ngủ , buồn ngủ quá','2023-11-06 16:49:36'),('ad7dc552-c510-406a-8bec-7b49575616cb','BẠN CẦN LÀM GÌ ĐỂ ĐẢM BẢO QUYỀN LỢI KHI BIẾT MÌNH BỊ LAYOFF? ',NULL,'Như mọi khi, tháng 11 này Thanh dành 5 slots mentor 1-1 cho các bạn: - Đang phân vân giữa các lựa chọn... - Làm rõ một vấn đề đang gặp phải trong công việc, cuộc sống để tìm giải pháp - Muốn lên kế hoạch hay mục tiêu cho tương lai - Tìm giải pháp cho vấn đề nào đó... - Đang tìm việc Mỗi slots 1,5 giờ (Free) ?Để đăng ký tham gia, bạn thực hiện đồng thời 2 bước sau 1. Bạn để lại cmt trên post này 2. Liên hệ với Thanh','2023-11-06 23:07:19'),('adf1c7f5-d2d1-4926-b0a4-206c5fe39e64','Do you want to learn SQL and looking for some Best SQL Coursera Courses?',NULL,' If yes, you can check these 8 Best SQL Courses on Coursera-  https://lnkd.in/ggnjjpDv  Coursera has a wide range of SQL courses. That’s why I thought to share these Courses with you.  I hope you will find these courses helpful.  Happy Learning!','2023-11-06 22:33:58'),('b188493d-9041-4092-a03a-ae806716de40','Astek Morocco ',NULL,'#AstekMorocco a participé au marathon international de Casablanca ! ?‍♀️?‍♂️ Ce week-end avait lieu le hashtag#MarathonDeCasablanca, l\'occasion parfaite pour les plus sportifs de nos collaborateurs de porter les couleurs et valeurs d\'Astek ! Challenge, persévérance, esprit d\'équipe et dépassement de soi étaient au rendez-vous de cet événement.  Bravo à Oumaima, Imane, Mohamed Amine, El Mehdi et Abderrahman nous sommes fiers de vous ! ??','2023-11-06 23:20:38'),('b2972fd5-a85d-4007-8c1f-ab8ab029ef5c','Bố của ngôn tình 1001',NULL,'Gom nắng vàng em gửi đến bên anh Biết nơi ấy giờ này cái nắng mong manh lắm Nắng bên này vẫn lung linh sắc thắm Gom cả ấm nồng từ sâu thẳm tim em  Gửi về người để cái nắng vàng thêm Nắng cuối thu rực rỡ lên rõ lạ Như biết mình sắp làm nhiệm vụ cao cả Nắng cũng mỉm cười nghiêng ngả bước chân ai  Nếu một ngày hạt nắng bỗng nhạt phai Đừng lo lắng bởi ngày dài lạnh ngắt Vẫn có bàn tay em nắm tay anh thật chặt Cùng đi qua những bước ngoặt cuộc đời  Một trái tim …có nắng …mãi sáng ngời Xin gửi trọn kèm theo lời thương nhớ Dẫu đôi ta hai phương trời cách trở Nhưng bóng hình nguyện giữ ở trong tim  Lúc nhớ người em sẽ chỉ lặng im Nhắm mắt lại ru hồn tìm lối mộng Cùng sớt chia những buồn vui cuộc sống Vẫn miệt mài gom nắng gửi cho anh !  Đêm Thâu Và Nỗi Nhớ Tác giả: Trúc Thanh  Giá như đời là giấc ngủ triền miên Để ta nhốt ưu phiền nơi mộng mị Để cay đắng không còn nơi ngự trị Cứ lạc quan phung phí những nụ cười  Xuân chưa tàn mà tia nắng kém tươi Cành mai rụng tả tơi vàng trước ngõ Anh vẫn đó, âm thầm…Ta vẫn đó Nhưng duyên tình như có chút đổi thay  Rồi cuộc đời sẽ qua hết đêm nay Có lẽ có ngày mai trời nắng đẹp Sẽ qua khỏi con đường đời nhỏ hẹp Thiên đường tình hờ khép sẽ mở ra  Niềm đau còn lợn cợn giữa tim ta Nguồn hy vọng đã già theo năm tháng Sao nước mắt chẳng nhòa đi dĩ vãng Ai mua sầu ta bán rẻ mà thôi  Ta lại vào trong nỗi nhớ xa xôi Kê cao gối bồi hồi miên man nghĩ Anh là bạn, nhân tình hay tri kỷ? Hay mộng đời ngự trị giữa đêm thâu?','2023-11-06 16:49:04'),('b2a81a20-e311-44a3-8885-6571a5bb3e27','Shared with permission from Justin',NULL,'Creativity is the art of shifting perspectives and peering into the realm of the extraordinary. It\'s about questioning the \"what is\" to uncover the \"what could be.\" Artist Justin Bateman uses Pebbles as his Pixels - just watch and me amazed ❤️ @pebblepicassos','2023-11-06 23:42:30'),('b34b8828-502e-465c-b9e6-21968056e25d','Cau truc du lieu va giai thuajt',NULL,'Lorem Ipsum is simply dummy text of the printing and typesetting industry. Lorem Ipsum has been the industry\'s standard dummy text ever since the 1500s, when an unknown printer took a galley of type and scrambled it to make a type specimen book. It has survived not only five centuries, but also the leap into electronic typesetting, remaining essentially unchanged. It was popularised in the 1960s with the release of Letraset sheets containing Lorem Ipsum passages, and more recently with desktop publishing software like Aldus PageMaker including versions of Lorem Ipsum.','2023-11-06 16:17:42'),('b5e8b449-f638-450f-b587-f4c6276a4568','CYBER SECURITY Quiz ⚡️',NULL,'Test your cyber security knowledge and leave a vote!  Challenge your knowledge, compete with friends, and find the ultimate champion!?','2023-11-06 23:44:44'),('b856ae90-b7b8-4c38-aa5c-7cda58ded1c2','Trận chiến cho ngôi đầu',NULL,'Elclasico sẽ khởi tranh vào ngày 27/10 giữa Barcelona và Real Madrid. Cùng dự đoán kết quả trận đấu này nhé!!!','2023-11-06 11:12:52'),('c03f2270-99aa-45f2-ba59-727b549b9bcc','Are you tired of the never- ending cycle of tweaking and fine-tuning your CSS styles?',NULL,'Do you find yourself wrestling with complex class names and struggling to maintain a consistent design across your projects?  If you agree, then you\'re in for a treat!  Welcome to the world of Tailwind CSS  the game changer that\'s about to revolutionize the way you approach web styling.  Are you ready to bid farewell to CSS stress and embrace a new era of web design simplicity?  Here is a Tailwind CSS Starter Kit I find it useful, you can too…  If you appreciate this share kindly like, comment, repost and follow for more updates about web development','2023-11-06 22:31:42'),('c0db5847-7501-44d1-8496-6346828d9dac','Bốc phốt nhóm 4 ',NULL,'ai cũng buồn ngủ , buồn ngủ quá','2023-11-06 16:49:38'),('c3bf4da0-0fe1-4dd2-8f4c-16d73a358daf','? Magic Numbers Unleashed! ?',NULL,'Ever heard of magic numbers in Java? These are those mysterious numerical constants that give your code an air of enchantment. Learn how to use them wisely to make your code more readable and maintainable. ✨','2023-11-06 22:39:14'),('c49641a4-fac9-446d-bb1b-74b2e8d48635','Bố của ngôn tình 9',NULL,'Anh muốn giúp có gì đâu mà dỗi Chỉ tiện đường nên han hỏi vậy thôi Hạt mưa đâu sa ướt mắt em rồi Nắng lạc đường tô hồng đôi má nhỏ  Rồi bóng dáng khuất giữa lòng phố xá Bỏ lại anh xao xuyến biết bao nhiêu Tia nắng nhỏ sao rực trời mùa hạ Một thoáng nhìn mà cũng hóa tình yêu…','2023-11-06 16:31:34'),('c6df8b98-41ba-402d-8e95-d18466c71a5d','New to coding? Avoid these 8 common pitfalls to kickstart your coding journey on the right path! X',NULL,'Carousel by: @pl-coding.com  Visit W3Schools.com for Info  Follow Apple Mahmud for more useful content','2023-11-06 23:44:00'),('cace28ec-b707-4442-b1f4-cc7e7479d916','TRUNG TÂM TIẾNG ANH Ở TIMES CITY #Hanoi TUYỂN DỤNG CÁC VỊ TRÍ TỪ CHUYÊN VIÊN ĐẾN QUẢN LÝ',NULL,'1. Giám đốc vận hành: 40-50M 2. Sales Leader: 20 - 25M 3. Trưởng phòng Hành chính và CSKH: 18 - 22M 4. Trưởng phỏng Marketing: 20. 25M 5. Content Marketing (mạnh kênh tiktok): 9 - 12M 6. R&D Manager: up to 30M 7. Trợ lý CEO: 15 - 20M 8. Tư vấn Tuyển sinh: 12 - 18M 9. Chuyên viên Tuyển dụng và chính sách: 10-12M 10. Phụ trách kế toán định hướng lên lead: 14-17M ------ Trung tâm đã hoạt động được 7 năm. CEO đi lên chuyên môn giảng dạy nên rất coi trọng chất lượng và học viên. Trung tâm đang trong giai đoạn tái cơ cấu bộ máy nên cần tuyển dụng nhiều nhân sự các vị trí trong doanh nghiệp.  Anh, chị nhắn mình để tư vấn kỹ hơn về job hoặc gửi CV về địa chỉ mail dothihongthoan@johnhunt.vn','2023-11-06 23:15:37'),('cc2bdc12-3260-4ac7-9f2c-aa1b7db01457',' Exciting Workshop with IBM and Red Hat: Leveraging Technology for Digital Transformation at Vietnam International Bank (VIB) - Ngân Hàng Quốc Tế ',NULL,'I am absolutely thrilled to share the incredible happiness and excitement ✨? that filled the air during our recent workshop with the esteemed teams from IBM and Red Hat. What made this workshop even more joyous was the wholehearted participation of our remarkable VIB IT team. Their passion, dedication, and unwavering commitment filled the room with an infectious happiness ?✨ that was truly uplifting.  As the Chief Information Officer (CIO) of VIB, I couldn\'t be prouder of our exceptional IT team. Their enthusiastic presence in the workshop radiated happiness and genuine excitement. Their eagerness to embrace new technologies and drive innovation was contagious, spreading a sense of joy and anticipation among all of us. ??  Throughout the workshop, our IT team\'s happiness and enthusiasm were palpable. Their genuine love ❤️ for their work and their desire to push boundaries and explore new possibilities were evident in every interaction and discussion. Their smiles ?, laughter ?, and positive energy ? created an environment that fostered creativity ? and collaboration ?, making the workshop an incredibly joyful and fulfilling experience.  To our incredible IT team, I want to express my deepest gratitude for the happiness and positivity you brought to the workshop. Your unwavering dedication and passion, coupled with your infectious enthusiasm, created an atmosphere that inspired us all. Your happiness was truly contagious, and it made the workshop an unforgettable and joyous occasion. ??  Together, with the support of IBM, Red Hat, and our extraordinary IT team, we embark on a transformative journey that will shape the future of banking at VIB. The happiness and excitement ✨? that filled the workshop will continue to propel us forward, enabling us to achieve remarkable success and deliver exceptional results.  Thank you, once again, for your unwavering dedication, passion, and happiness. Your contributions have been invaluable, and I am filled with immense joy and anticipation as we continue this collaborative journey towards a digitally transformed future. ??','2023-11-06 23:43:09'),('cfb28be5-0fdb-48ea-80cf-7235b7a756ee','Today, I interviewed a candidate for a front-end (ReactJS) position.',NULL,'I began with some simple questions to understand his knowledge. Surprisingly, he had trouble with basic JavaScript questions, even though he claimed to have 2 years of experience.  Here are some of the questions he couldn\'t answer:  1. How do you remove duplicate values from a JavaScript array? 2. What is a callback function? 3. Can you explain the difference between asynchronous and synchronous methods in JavaScript?  Given his struggle with these fundamental concepts, I decided to assess his ReactJS knowledge:  1. How do you pass props in React? 2. How do you update the state in a React component? 3. What is React Router Dom?  This experience highlights the importance of mastering the basics for all JavaScript developers.  A strong foundation is essential for success in programming.','2023-11-06 23:07:41'),('d0e1c93a-23cd-4d7a-b5a6-3ffdbf359c78','I just finished previewing \"Building Your Own JavaScript Framework\" courtesy of Packt Publishing.',NULL,'In the ever-evolving web development landscape, JavaScript remains a cornerstone, and frameworks have become essential tools for efficient and effective coding. \"Building Your Own JavaScript Framework\" is not just another programming book; it is a masterclass for those who want to delve deeper into the art of JavaScript and take their skills to the next level.','2023-11-06 18:11:21'),('d4788193-e6cf-425d-8317-92b320d8a78d','?️ Time Travel with Date and Time API ?️',NULL,'Java\'s Date and Time API is a time machine that lets you manipulate dates, times, and time zones effortlessly. Explore how to work with this versatile tool to handle all your time-related needs. ⏰?','2023-11-06 22:40:33'),('d845bdbb-8666-4bbb-b9ca-234838feaee4','Hello 122332112',NULL,'asihagsodha sdancdasaco ca soácdandcocadamoacsocasdoamgca','2023-11-06 16:15:53'),('d95dbb91-72f3-4f98-a8a9-c1660d76a981','? Geography with Geo-Locations ?',NULL,'Java can also play with geo-locations! Dive into the world of geospatial data manipulation and explore how to use Java\'s libraries to work with coordinates, distances, and maps. ??️','2023-11-06 22:40:44'),('da582b98-8ff6-4ad5-b87a-51cc886f7ddb','Bao cao bai tap lon',NULL,'Lorem Ipsum is simply dummy text of the printing and typesetting industry. Lorem Ipsum has been the industry\'s standard dummy text ever since the 1500s, when an unknown printer took a galley of type and scrambled it to make a type specimen book. It has survived not only five centuries, but also the leap into electronic typesetting, remaining essentially unchanged. It was popularised in the 1960s with the release of Letraset sheets containing Lorem Ipsum passages, and more recently with desktop publishing software like Aldus PageMaker including versions of Lorem Ipsum.','2023-11-06 16:02:23'),('dc174f21-7d57-4600-b5bb-60937505d375','Supabase',NULL,'We decided to put Postgres vector performance to the test and run a direct comparison between pgvector and Pinecone on both cost and performance.  Utilizing the ANN Benchmarks methodology, a standard for benchmarking vector databases, we conducted tests against Pinecone\'s 3 Pod types for indexes:  - s1 pod type - p1 pod type - p2 pod type  Read the complete comparison here: https://lnkd.in/gcbZY6yS','2023-11-06 23:42:49'),('de4cf994-ca5d-4c80-88f3-b49d569fc15d','This is how you can become a senior developer in your company:',NULL,'There’s only one big difference between junior devs & senior devs according to me  “Senior devs have standards in every situation”  Hear me out!!  Even a naive high-school student can also write some lines of code that work today.  The hard part is getting those lines of code to work tomorrow.  We devs always chase deadlines to deliver the features and I know there’s a pressure to deliver  but junior devs underdeliver the quality of the code just to make the code work  Whereas senior devs have standards to maintain.  Senior devs care about writing code that works for the longest time. There are no shortcuts even when there’s a deadline.  If you take a shortcut, you increase your future work because there will be an evening when the code will stop working.  For senior devs, the clean code is more than a book, more than a mantra. They practice it every day.  To become a senior dev, make sure you build your standards for coding.   P.S.: You can join my dev community from the link given in the comments or from my profile!!','2023-11-06 23:42:12'),('e0225a06-65d2-440c-96ce-60b638b95142',' As the Halloween energy fills the air, W3Schools offers a treat without the trick. Experience exclusive Halloween discounts on our courses and certifications.',NULL,'Whether you\'re just starting or looking to refine your skills, there\'s no better time to embark on your coding journey.','2023-11-06 23:46:52'),('e1748d78-ae92-4eea-8790-8c9424f87286','Zombie Apocalypse (2015-present)',NULL,'A period in the history of web development in which many of the web development practices that were considered bad in the past come back to life under new names with fancier websites and questionable explanations about why they differ from the practices that they replace.  Notable examples:  - Putting HTML in business logic (e.g., React, VueJS, Angular) - Putting business logic in HTML (e.g., Htmx) - Inline styling (e.g., Tailwind, CSS-in-JS)','2023-11-06 22:29:55'),('e33e3bd1-4f9e-4f1e-b338-8ba3c6e2fc34','Bố của ngôn tình 5',NULL,'Anh ở phương này mãi nhớ nhung Người em chốn nọ hiểu cho cùng? Những lời vàng đá chưa ghi tạc Mà chữ ân tình vội khắc chung Chỉ thắm trao tay ngày gặp gỡ Đầu xanh kết tóc buổi tương phùng Trăm năm ước hẹn lời mây nước Nối sợi tơ lòng dệt gấm nhung.','2023-11-06 16:30:24'),('e352d627-2815-45eb-8479-ab5503a9922a','6 Web Project Concepts for add in your portfolio ?',NULL,'If you’re looking for Some Web Concept or Idea to Include in your Portfolio, this post is for you.  This Post shows the top 6 Web Concepts to Include in your Portfolio.  Live Sport Score eCommerce Flight Booking Stock and Crypto Broker E-Learning Task Management  Follow Imtiyaz Nandasaniya For more Content.  Looking for up skill in web and programming?','2023-11-06 22:32:50'),('e359c817-6569-4ec6-a82b-445e28f9f7df','Hello fellow developers and enthusiasts!',NULL,'I\'ve recently penned an article on a topic I believe is fundamental for any developer looking to refine their Django expertise: Class-Based Views. It\'s a rich resource I put together with the intention of bridging gaps and elevating our collective coding prowess.  Should you decide to check it out, and it strikes the right chord, a \'like\' or even a share would be phenomenal. Every bit of engagement counts and helps us all learn and grow together.  Excited to hear your thoughts and continue our journey of professional development side by side! https://lnkd.in/dTfUaZqT','2023-11-06 23:05:48'),('e697d5fe-1938-437c-9a51-8f28a4e0fd15','Chans','post/e697d5fe-1938-437c-9a51-8f28a4e0fd15.jpg','Spring Boot test create post','2024-02-01 11:43:43'),('e7ff3168-5aa0-4e1c-a810-e1647dc44730','Hello 122332112',NULL,'ashdaishosahsashs assadhossoshodshs saoshdssbfskbsbasd ss sasadhassoajsadajsapsadsan tuân','2023-11-06 16:16:25'),('e8ea7eb6-bd47-4901-b6d5-b7b9d752dd8b','? Magic in Multithreading ?',NULL,'Unlock the power of multithreading in Java! It\'s like performing a mesmerizing juggling act with your code, running tasks concurrently for better performance and responsiveness. ?','2023-11-06 22:39:49'),('e9107adc-fc30-4593-87f5-3b05bc71b9b4','Introducing the latest resource: \"Top 50 SQL Interview Questions PDF.\" ?',NULL,'In the competitive world of technology, nailing your SQL interview is key. Whether you\'re a seasoned pro or just starting your SQL journey, this PDF is designed to help you succeed.  ??Follow : Deepak Jha for more..  Inside, you\'ll find a carefully curated selection of 50 SQL interview questions that are frequently asked during interviews. From basic queries to complex scenarios, we\'ve got you prepared for any SQL challenge that comes your way.  What\'s included: ✅ In-depth explanations and solutions for each question. ✅ Tips and tricks to tackle tricky SQL problems. ✅ Insights from industry experts.  Whether you\'re a data analyst, developer, or database administrator, this resource is a must-have to boost your SQL skills and confidence.  Get your FREE \"Top 50 SQL Interview Questions PDF\" now! ? [ https://lnkd.in/dVDv8HVV ]   Don\'t miss this opportunity to enhance your SQL knowledge and increase your chances of acing that interview. Share this post with your network to help your connections succeed too. ??','2023-11-06 22:34:36'),('eaf27082-9300-43a9-b3dd-71526022344d','Cach ngu 8 tieng trong 1 tiweng',NULL,'Lorem Ipsum is simply dummy text of the printing and typesetting industry. Lorem Ipsum has been the industry\'s standard dummy text ever since the 1500s, when an unknown printer took a galley of type and scrambled it to make a type specimen book. It has survived not only five centuries, but also the leap into electronic typesetting, remaining essentially unchanged. It was popularised in the 1960s with the release of Letraset sheets containing Lorem Ipsum passages, and more recently with desktop publishing software like Aldus PageMaker including versions of Lorem Ipsum.','2023-11-06 16:17:22'),('ef0c8ce4-eee0-421f-9037-25610a4245c0','Database',NULL,'Lorem Ipsum is simply dummy text of the printing and typesetting industry. Lorem Ipsum has been the industry\'s standard dummy text ever since the 1500s, when an unknown printer took a galley of type and scrambled it to make a type specimen book. It has survived not only five centuries, but also the leap into electronic typesetting, remaining essentially unchanged. It was popularised in the 1960s with the release of Letraset sheets containing Lorem Ipsum passages, and more recently with desktop publishing software like Aldus PageMaker including versions of Lorem Ipsum.','2023-11-06 16:17:49'),('ef5153d9-3d29-425a-b30c-8aef035a1855','Bố của ngôn tình 8',NULL,'Trời nắng đẹp chiều vàng rơi khe khẽ Lối anh về nghiêng rẽ tóc em bay Ngược đường rồi hồn còn mãi mê say Em chẳng đợi dẫu hai người chung lối','2023-11-06 16:31:08'),('f330f255-940b-4e39-9891-925226a6a640','Figure of the day ! Go Go Astek Asia and Astek Middle East !',NULL,'In 2023 astek Singapore and astek Saudi Arabia are posting both impressive fully organic growth superior to 40% !  Congrats to Angeline Douant, Sofia Belkadi, Athina Jaeger, Jeremie Dam and all our APAC team, more and more attractive to more and more talents.  Fell free to apply.','2023-11-06 22:33:05'),('f58dd9cb-5620-47d6-bdba-ba801fd37e59','A big city, with a big heart.',NULL,'As I took off from Ho Chi Minh City on a business trip, I looked out the window and wanted to take a moment to appreciate the incredible city that I have had the privilege to call home. I feel fortunate to live in a city that embodies a \'can do\' spirit, that is full of energy and through good and bad times has a real sense of togetherness.  Living in a city with a big heart has not only shaped me as an individual but has also enriched my professional life. It has taught me the value of collaboration, empathy, teamwork, positive energy and resilience.  So here’s to my city, a place that exemplifies the true meaning of community and reminds us all that together we can create wonderful things when we put our minds to it and put in the effort required.  ?? Cam on vi tat ca Thanh Pho Ho Chi Minh! ??','2023-11-06 16:52:50'),('f6dd69c3-dcfc-4e9f-bc60-c3dccde79d90','Work-life balance is essential for our overall well-being',NULL,'When we work too much, we can experience burnout, stress, and health problems. On the other hand, when we don\'t work enough, we may feel bored, unfulfilled, and restless.  This weekend, take some time to reflect on your own work-life balance. Are you happy with the way things are? If not, what changes can you make?  Awesome creativity by Pontus Jansson (PJ) check out his work at @pj.85','2023-11-06 22:32:03'),('fe674fd8-8146-4c22-86a3-e2f1515a0198','Databasessssssssssssss',NULL,'Artificial Intelligence Echo Systems & AI Technology Stack: A Comprehensive Exploration of AI Research, Innovative, and Real-World Applications : https://lnkd.in/dDuenZ8v','2023-11-06 16:20:16');
/*!40000 ALTER TABLE `posts` ENABLE KEYS */;
UNLOCK TABLES;

--
-- Table structure for table `user_comment`
--

DROP TABLE IF EXISTS `user_comment`;
/*!40101 SET @saved_cs_client     = @@character_set_client */;
/*!50503 SET character_set_client = utf8mb4 */;
CREATE TABLE `user_comment` (
  `post_id` varchar(50) NOT NULL,
  `user_id` varchar(50) NOT NULL,
  `comment_id` varchar(50) NOT NULL,
  PRIMARY KEY (`post_id`,`user_id`,`comment_id`),
  UNIQUE KEY `comment_id_UNIQUE` (`comment_id`),
  UNIQUE KEY `post_id_UNIQUE` (`post_id`,`user_id`,`comment_id`),
  KEY `user_comment_users_user_id_fk` (`user_id`),
  CONSTRAINT `user_comment_comments_comment_id_fk` FOREIGN KEY (`comment_id`) REFERENCES `comments` (`comment_id`),
  CONSTRAINT `user_comment_post_post_id_fk` FOREIGN KEY (`post_id`) REFERENCES `posts` (`post_id`),
  CONSTRAINT `user_comment_users_user_id_fk` FOREIGN KEY (`user_id`) REFERENCES `users` (`user_id`)
) ENGINE=InnoDB DEFAULT CHARSET=utf8mb4 COLLATE=utf8mb4_0900_ai_ci;
/*!40101 SET character_set_client = @saved_cs_client */;

--
-- Dumping data for table `user_comment`
--

LOCK TABLES `user_comment` WRITE;
/*!40000 ALTER TABLE `user_comment` DISABLE KEYS */;
INSERT INTO `user_comment` VALUES ('2265fe8e-baf8-4cdb-a94b-1b14a588a841','154d6ec3-5a34-47a7-aae4-b7192e992679','20b7eea8-319b-4a78-bc5a-8ce06d9234d9'),('d0e1c93a-23cd-4d7a-b5a6-3ffdbf359c78','c7831745-5302-417d-bba8-7055e6354d8f','3b4bd19a-bae8-4453-a5b8-0a7b696a596f'),('2265fe8e-baf8-4cdb-a94b-1b14a588a841','154d6ec3-5a34-47a7-aae4-b7192e992679','3f768c7b-0b69-4edd-b0c7-69e9e658e89d'),('7f2adde2-1874-43a2-8658-d4a6c1a053a6','dbd00bf5-f701-464f-a313-b413919997a1','534471ea-03e6-46d5-9566-00bafdda2c55'),('da582b98-8ff6-4ad5-b87a-51cc886f7ddb','7de1a2d3-d85a-4514-932a-9c17510e5425','60a6ade9-777b-4e57-8562-3872997c6567'),('c0db5847-7501-44d1-8496-6346828d9dac','2dae7c82-f765-4f6c-8e6e-185ca717a304','618ed0a3-aa45-4377-9a06-a28ea4d8c6fd'),('2265fe8e-baf8-4cdb-a94b-1b14a588a841','154d6ec3-5a34-47a7-aae4-b7192e992679','6d977bea-197f-4896-a4b8-448b8b0f7ab5'),('1301f3eb-e34a-4295-8370-e5c1c5d8c4af','dbd00bf5-f701-464f-a313-b413919997a1','6f2d079f-4064-474e-affd-1ac8b749aff4'),('1301f3eb-e34a-4295-8370-e5c1c5d8c4af','dbd00bf5-f701-464f-a313-b413919997a1','801ea386-f843-4892-8764-e4acf08aa946'),('2265fe8e-baf8-4cdb-a94b-1b14a588a841','154d6ec3-5a34-47a7-aae4-b7192e992679','81bc61dc-3138-4c42-a800-47aafb3b422a'),('d0e1c93a-23cd-4d7a-b5a6-3ffdbf359c78','b2bb132c-bc70-43c1-8c88-10756aafff4e','953f739d-c943-492f-b923-574dde7b8d0c'),('040f7708-0005-47a8-992b-2ea4dc42d68b','dbd00bf5-f701-464f-a313-b413919997a1','96e1ec62-49d8-479e-9bb4-d9883abe1ec9'),('6521afbf-3dd0-4e41-a1d9-760ef67d3ff0','7e447495-bb1a-42c0-ab92-3784a9300785','97e1d061-8dc3-4001-8ca0-bb3fa8b3cf90'),('2265fe8e-baf8-4cdb-a94b-1b14a588a841','154d6ec3-5a34-47a7-aae4-b7192e992679','9ce2b674-e9b0-4702-b767-277c84ee1131'),('2265fe8e-baf8-4cdb-a94b-1b14a588a841','154d6ec3-5a34-47a7-aae4-b7192e992679','ac67beb1-535b-4ed7-85b0-7d39fc38b2e4'),('7f2adde2-1874-43a2-8658-d4a6c1a053a6','dbd00bf5-f701-464f-a313-b413919997a1','de7c3821-7559-4971-8e91-5d73296ac5e9'),('6521afbf-3dd0-4e41-a1d9-760ef67d3ff0','75760431-c7f9-4407-8442-fcc8582a2f53','e562683c-3cbc-420c-94fe-ad8136f9c5dd');
/*!40000 ALTER TABLE `user_comment` ENABLE KEYS */;
UNLOCK TABLES;

--
-- Table structure for table `user_posts`
--

DROP TABLE IF EXISTS `user_posts`;
/*!40101 SET @saved_cs_client     = @@character_set_client */;
/*!50503 SET character_set_client = utf8mb4 */;
CREATE TABLE `user_posts` (
  `post_id` varchar(50) NOT NULL,
  `user_id` varchar(50) NOT NULL,
  PRIMARY KEY (`user_id`,`post_id`),
  KEY `user_posts_posts_post_id_fk` (`post_id`),
  CONSTRAINT `user_posts_posts_post_id_fk` FOREIGN KEY (`post_id`) REFERENCES `posts` (`post_id`),
  CONSTRAINT `user_posts_users_user_id_fk` FOREIGN KEY (`user_id`) REFERENCES `users` (`user_id`)
) ENGINE=InnoDB DEFAULT CHARSET=utf8mb4 COLLATE=utf8mb4_0900_ai_ci;
/*!40101 SET character_set_client = @saved_cs_client */;

--
-- Dumping data for table `user_posts`
--

LOCK TABLES `user_posts` WRITE;
/*!40000 ALTER TABLE `user_posts` DISABLE KEYS */;
INSERT INTO `user_posts` VALUES ('005acf1d-e2ca-409b-9603-43ae81c8f222','0057d321-0b60-4740-a174-afb01df2edc4'),('037979fa-320a-4120-a5c3-6c9cf3670684','a486dcc5-2cda-4135-8a21-933980b0e295'),('040f7708-0005-47a8-992b-2ea4dc42d68b','dbd00bf5-f701-464f-a313-b413919997a1'),('04c26555-d93d-46c7-8cbc-35473f1765d8','b2bb132c-bc70-43c1-8c88-10756aafff4e'),('05357ce3-50ab-414d-b19f-8457b5d2713e','7e447495-bb1a-42c0-ab92-3784a9300785'),('07e04b93-bd2c-4edd-a82c-34e662c62429','ddf5e3d6-41d2-468d-ad24-a26d2147e30a'),('0f5524c6-6ed8-44db-8f56-fc4e4afc0655','7e447495-bb1a-42c0-ab92-3784a9300785'),('1301f3eb-e34a-4295-8370-e5c1c5d8c4af','dbd00bf5-f701-464f-a313-b413919997a1'),('14901de1-27bc-48d8-b749-68f824293f22','2dae7c82-f765-4f6c-8e6e-185ca717a304'),('18b8669d-ee72-447b-a315-0a5e32e3cab6','154d6ec3-5a34-47a7-aae4-b7192e992679'),('1d02c501-22ba-4c1d-983a-fd1abf47147f','0057d321-0b60-4740-a174-afb01df2edc4'),('1d6eb8e7-fa59-4ab7-a196-58068c3a8a63','c7831745-5302-417d-bba8-7055e6354d8f'),('1e6c7220-71cd-4599-9b73-9fe269a6b7e4','eed9d596-a166-446f-8a76-190ad4880004'),('2054597c-a85d-43be-bd5c-2c5e228b1b28','ddf5e3d6-41d2-468d-ad24-a26d2147e30a'),('21aebead-8461-4061-8320-7e0aeb893e00','b2bb132c-bc70-43c1-8c88-10756aafff4e'),('22126839-f061-41ad-8a7d-722f88cbe8be','c7831745-5302-417d-bba8-7055e6354d8f'),('2265fe8e-baf8-4cdb-a94b-1b14a588a841','154d6ec3-5a34-47a7-aae4-b7192e992679'),('273683ac-2ae2-4472-8311-4ab8ee96b23c','7e447495-bb1a-42c0-ab92-3784a9300785'),('29972382-7cbb-494d-9641-d53d48b0b435','ddf5e3d6-41d2-468d-ad24-a26d2147e30a'),('2a7e38b0-df36-4038-8d39-d8244b009b64','c7831745-5302-417d-bba8-7055e6354d8f'),('2b4f687a-2f16-49e3-b3e8-43e0d0364d4b','0057d321-0b60-4740-a174-afb01df2edc4'),('2d48acc6-72d6-47c1-9a12-256401969aa9','0057d321-0b60-4740-a174-afb01df2edc4'),('2dfdd6a8-fa6a-4136-8ec5-040c80be8043','b2bb132c-bc70-43c1-8c88-10756aafff4e'),('2f971f2f-0b59-4fa1-beab-cd9791aefe06','c7831745-5302-417d-bba8-7055e6354d8f'),('3213d703-6d80-46aa-820c-981cdb51d32a','dbd00bf5-f701-464f-a313-b413919997a1'),('32b16865-688e-4e12-b687-cbe184ae94e8','c7831745-5302-417d-bba8-7055e6354d8f'),('32e242d3-75cd-4ae9-9231-6154474ce553','c7831745-5302-417d-bba8-7055e6354d8f'),('334138f3-7119-40d5-ba7c-15cc0060f2e9','c7831745-5302-417d-bba8-7055e6354d8f'),('36f30240-ffaf-436d-9b3b-c96dacce7674','7e447495-bb1a-42c0-ab92-3784a9300785'),('43738f87-2fb9-44fc-861e-fc442d15ca6b','b2bb132c-bc70-43c1-8c88-10756aafff4e'),('459fb2b5-143d-4740-8de3-43b4398c041b','154d6ec3-5a34-47a7-aae4-b7192e992679'),('46f74359-a971-441b-aec6-60587f28d9b0','154d6ec3-5a34-47a7-aae4-b7192e992679'),('47c437b1-27dc-4eb8-85af-e08b8626b596','b2bb132c-bc70-43c1-8c88-10756aafff4e'),('47cba968-6554-4acf-b09e-3397d4e6bd45','ddf5e3d6-41d2-468d-ad24-a26d2147e30a'),('4b2dcd2d-bc8b-405b-8cd6-6ddf0938d344','a486dcc5-2cda-4135-8a21-933980b0e295'),('4b53f8ad-0323-4815-a3bc-4c7ee4f9d004','154d6ec3-5a34-47a7-aae4-b7192e992679'),('4f497b7b-ed83-43c8-a065-cadce94a89bf','0057d321-0b60-4740-a174-afb01df2edc4'),('4fb2552f-a01e-4eec-a195-9bc4d460ce34','154d6ec3-5a34-47a7-aae4-b7192e992679'),('541b2735-13c6-40db-9c42-d5528aa63566','b2bb132c-bc70-43c1-8c88-10756aafff4e'),('55ec103f-bcdc-410a-87d0-424fa6ac4f3b','c7831745-5302-417d-bba8-7055e6354d8f'),('56d94477-3903-469f-a466-1d4d15b6030d','dbd00bf5-f701-464f-a313-b413919997a1'),('56de4197-5ca5-434c-a507-83b7ae01e389','ddf5e3d6-41d2-468d-ad24-a26d2147e30a'),('576ea51f-e546-4a6d-aadc-995aec829551','154d6ec3-5a34-47a7-aae4-b7192e992679'),('57e258f4-c247-47f7-8128-7504d997b53b','154d6ec3-5a34-47a7-aae4-b7192e992679'),('588495b1-5e6a-4fbd-884c-f63141e1975e','7e447495-bb1a-42c0-ab92-3784a9300785'),('62fd78c6-3dd3-4def-88fe-6cb73e3251b6','a486dcc5-2cda-4135-8a21-933980b0e295'),('6521afbf-3dd0-4e41-a1d9-760ef67d3ff0','c7831745-5302-417d-bba8-7055e6354d8f'),('690f9167-ce4e-4913-ac36-10a86c3e6e95','eed9d596-a166-446f-8a76-190ad4880004'),('69ea0434-4882-43e1-be0b-c03444d82bb2','ddf5e3d6-41d2-468d-ad24-a26d2147e30a'),('720144c5-8574-468c-83ec-ea7d72ef1274','c7831745-5302-417d-bba8-7055e6354d8f'),('72f2c029-7d73-4482-a781-d832d9d88ac9','eed9d596-a166-446f-8a76-190ad4880004'),('74f4ccfa-b31c-4599-aa1e-d38903c212de','ddf5e3d6-41d2-468d-ad24-a26d2147e30a'),('7701a5e8-82d2-4383-a576-38542bca1c8e','c7831745-5302-417d-bba8-7055e6354d8f'),('7b3bea38-ef68-4fac-b651-78f928831235','dbd00bf5-f701-464f-a313-b413919997a1'),('7f2adde2-1874-43a2-8658-d4a6c1a053a6','dbd00bf5-f701-464f-a313-b413919997a1'),('7fb5ebcc-ef06-4bcd-b1c0-e4e0d652fa8c','dbd00bf5-f701-464f-a313-b413919997a1'),('7fbfb176-4660-482d-81ee-28c36ad2de94','7e447495-bb1a-42c0-ab92-3784a9300785'),('836bd440-8489-4ca1-8dde-b3f5d02c75b0','7e447495-bb1a-42c0-ab92-3784a9300785'),('85c0788d-207e-4735-896a-029ff39d5dc9','dbd00bf5-f701-464f-a313-b413919997a1'),('88490934-c61c-4d0f-a615-89a518344442','6466294d-4877-481d-a0b4-2fdd8ee51123'),('896a0d86-cdbe-4a48-b872-752973e6e64a','0057d321-0b60-4740-a174-afb01df2edc4'),('8f28869c-c0c4-4793-bbe1-2c3db6331f1f','154d6ec3-5a34-47a7-aae4-b7192e992679'),('939bdd00-8f21-49dd-bb19-88d81a008665','ddf5e3d6-41d2-468d-ad24-a26d2147e30a'),('93f77050-cb10-458f-80bc-4009a46f91ae','b2bb132c-bc70-43c1-8c88-10756aafff4e'),('96eab16d-b822-4ce9-8550-4970e0a56426','154d6ec3-5a34-47a7-aae4-b7192e992679'),('9ae256b6-261c-4d4e-8849-00b80033eb4a','dbd00bf5-f701-464f-a313-b413919997a1'),('9b04817a-72be-4b78-95c6-3b6a96d6cc0c','154d6ec3-5a34-47a7-aae4-b7192e992679'),('9b0ec315-7b5e-4253-a93c-6f5519f875c0','eed9d596-a166-446f-8a76-190ad4880004'),('a281a2da-4cc2-4940-92a8-82daa292f0f4','75760431-c7f9-4407-8442-fcc8582a2f53'),('a430c81f-e974-4194-8fcd-70962f1626fe','b2bb132c-bc70-43c1-8c88-10756aafff4e'),('a4a9087f-5e6b-4e47-aa6f-2dfa583d9997','0057d321-0b60-4740-a174-afb01df2edc4'),('a848e8a1-cf13-4692-8c7b-05af33989ae6','7e447495-bb1a-42c0-ab92-3784a9300785'),('ad7408ed-c51d-4ddb-9c5e-beb184887a71','2dae7c82-f765-4f6c-8e6e-185ca717a304'),('ad7dc552-c510-406a-8bec-7b49575616cb','ddf5e3d6-41d2-468d-ad24-a26d2147e30a'),('adf1c7f5-d2d1-4926-b0a4-206c5fe39e64','eed9d596-a166-446f-8a76-190ad4880004'),('b188493d-9041-4092-a03a-ae806716de40','7e447495-bb1a-42c0-ab92-3784a9300785'),('b2972fd5-a85d-4007-8c1f-ab8ab029ef5c','2dae7c82-f765-4f6c-8e6e-185ca717a304'),('b2a81a20-e311-44a3-8885-6571a5bb3e27','7e447495-bb1a-42c0-ab92-3784a9300785'),('b34b8828-502e-465c-b9e6-21968056e25d','a486dcc5-2cda-4135-8a21-933980b0e295'),('b5e8b449-f638-450f-b587-f4c6276a4568','7e447495-bb1a-42c0-ab92-3784a9300785'),('b856ae90-b7b8-4c38-aa5c-7cda58ded1c2','c7831745-5302-417d-bba8-7055e6354d8f'),('c03f2270-99aa-45f2-ba59-727b549b9bcc','eed9d596-a166-446f-8a76-190ad4880004'),('c0db5847-7501-44d1-8496-6346828d9dac','2dae7c82-f765-4f6c-8e6e-185ca717a304'),('c3bf4da0-0fe1-4dd2-8f4c-16d73a358daf','b2bb132c-bc70-43c1-8c88-10756aafff4e'),('c49641a4-fac9-446d-bb1b-74b2e8d48635','dbd00bf5-f701-464f-a313-b413919997a1'),('c6df8b98-41ba-402d-8e95-d18466c71a5d','7e447495-bb1a-42c0-ab92-3784a9300785'),('cace28ec-b707-4442-b1f4-cc7e7479d916','ddf5e3d6-41d2-468d-ad24-a26d2147e30a'),('cc2bdc12-3260-4ac7-9f2c-aa1b7db01457','7e447495-bb1a-42c0-ab92-3784a9300785'),('cfb28be5-0fdb-48ea-80cf-7235b7a756ee','ddf5e3d6-41d2-468d-ad24-a26d2147e30a'),('d0e1c93a-23cd-4d7a-b5a6-3ffdbf359c78','c7831745-5302-417d-bba8-7055e6354d8f'),('d4788193-e6cf-425d-8317-92b320d8a78d','b2bb132c-bc70-43c1-8c88-10756aafff4e'),('d845bdbb-8666-4bbb-b9ca-234838feaee4','0057d321-0b60-4740-a174-afb01df2edc4'),('d95dbb91-72f3-4f98-a8a9-c1660d76a981','b2bb132c-bc70-43c1-8c88-10756aafff4e'),('da582b98-8ff6-4ad5-b87a-51cc886f7ddb','7de1a2d3-d85a-4514-932a-9c17510e5425'),('dc174f21-7d57-4600-b5bb-60937505d375','7e447495-bb1a-42c0-ab92-3784a9300785'),('de4cf994-ca5d-4c80-88f3-b49d569fc15d','7e447495-bb1a-42c0-ab92-3784a9300785'),('e0225a06-65d2-440c-96ce-60b638b95142','7e447495-bb1a-42c0-ab92-3784a9300785'),('e1748d78-ae92-4eea-8790-8c9424f87286','eed9d596-a166-446f-8a76-190ad4880004'),('e33e3bd1-4f9e-4f1e-b338-8ba3c6e2fc34','dbd00bf5-f701-464f-a313-b413919997a1'),('e352d627-2815-45eb-8479-ab5503a9922a','eed9d596-a166-446f-8a76-190ad4880004'),('e359c817-6569-4ec6-a82b-445e28f9f7df','ddf5e3d6-41d2-468d-ad24-a26d2147e30a'),('e697d5fe-1938-437c-9a51-8f28a4e0fd15','c7831745-5302-417d-bba8-7055e6354d8f'),('e7ff3168-5aa0-4e1c-a810-e1647dc44730','0057d321-0b60-4740-a174-afb01df2edc4'),('e8ea7eb6-bd47-4901-b6d5-b7b9d752dd8b','b2bb132c-bc70-43c1-8c88-10756aafff4e'),('e9107adc-fc30-4593-87f5-3b05bc71b9b4','eed9d596-a166-446f-8a76-190ad4880004'),('eaf27082-9300-43a9-b3dd-71526022344d','a486dcc5-2cda-4135-8a21-933980b0e295'),('ef0c8ce4-eee0-421f-9037-25610a4245c0','a486dcc5-2cda-4135-8a21-933980b0e295'),('ef5153d9-3d29-425a-b30c-8aef035a1855','dbd00bf5-f701-464f-a313-b413919997a1'),('f330f255-940b-4e39-9891-925226a6a640','eed9d596-a166-446f-8a76-190ad4880004'),('f58dd9cb-5620-47d6-bdba-ba801fd37e59','c7831745-5302-417d-bba8-7055e6354d8f'),('f6dd69c3-dcfc-4e9f-bc60-c3dccde79d90','eed9d596-a166-446f-8a76-190ad4880004'),('fe674fd8-8146-4c22-86a3-e2f1515a0198','a486dcc5-2cda-4135-8a21-933980b0e295');
/*!40000 ALTER TABLE `user_posts` ENABLE KEYS */;
UNLOCK TABLES;

--
-- Table structure for table `users`
--

DROP TABLE IF EXISTS `users`;
/*!40101 SET @saved_cs_client     = @@character_set_client */;
/*!50503 SET character_set_client = utf8mb4 */;
CREATE TABLE `users` (
  `user_id` varchar(50) NOT NULL,
  `full_name` varchar(255) NOT NULL,
  `email` varchar(255) NOT NULL,
  `password` varchar(255) NOT NULL,
  `profile_avatar` varchar(255) NOT NULL,
  `date_of_birth` date NOT NULL,
  `reset_password_expires` datetime DEFAULT NULL,
  `reset_password_token` varchar(255) DEFAULT NULL,
  `access_token` varchar(255) DEFAULT NULL,
  PRIMARY KEY (`user_id`),
  UNIQUE KEY `email_UNIQUE` (`email`),
  UNIQUE KEY `user_id_UNIQUE` (`user_id`)
) ENGINE=InnoDB DEFAULT CHARSET=utf8mb4 COLLATE=utf8mb4_0900_ai_ci;
/*!40101 SET character_set_client = @saved_cs_client */;

--
-- Dumping data for table `users`
--

LOCK TABLES `users` WRITE;
/*!40000 ALTER TABLE `users` DISABLE KEYS */;
INSERT INTO `users` VALUES ('0057d321-0b60-4740-a174-afb01df2edc4','Nguyen B','nguyenvanb@gmdfsdail.com','$2a$10$nvL1npnw.qWEzIz7ynDr8.miV3nGXpSB6Pf1GYH.452Zrvn.ydxZG','/avatar/0057d321-0b60-4740-a174-afb01df2edc4.jpg','2009-09-09',NULL,NULL,NULL),('0967ef0b-27cb-4093-87ab-e3406c714bd5','Test Upload File','testuploadfile@gmail.com','$2a$10$JliSF382MLDEr9IGtBEGr.ki13gZTN5xSQNKWQ0S1Y/MaX5SJFJri','avatar/0967ef0b-27cb-4093-87ab-e3406c714bd5.jpg','2000-06-18',NULL,NULL,'eyJhbGciOiJIUzI1NiJ9.eyJzdWIiOiJ0ZXN0dXBsb2FkZmlsZUBnbWFpbC5jb20iLCJpYXQiOjE3MDY1OTY4ODgsImV4cCI6MTcwNjY4MzI4OH0.Qw93cRmNtaOdrDL2eQ_i9T68kx1zPURvWYf0tcpU6BA'),('0c61d636-0077-4f4a-8295-eb42f5a08124','Nguyen Van Tuan','nguyenadasdasvana@gmailasdas.com','$2a$10$2nI.NAFYRiK1aRgJ98.0q.r864FDupPt5WbANY7m88Pmh6Wv9kyAO','/avatar/0c61d636-0077-4f4a-8295-eb42f5a08124.png','2002-12-12',NULL,NULL,NULL),('154d6ec3-5a34-47a7-aae4-b7192e992679','Tran Duc An','nguyenvana@gmadfasfail.com','$2a$10$VFKv5swx9yneSpeqG1bhKeHqLS01HLGTnu0kCsqBkqmHv1S/5Rndq','/avatar/154d6ec3-5a34-47a7-aae4-b7192e992679.png','2022-12-12',NULL,NULL,NULL),('22b948a4-fa39-4efe-a079-f37f7c7e36e6','Spring Boot 6','spb6@gmail.com','$2a$10$QP61MA6FaAasy87JscPMCuSLX0PbGCNX50uQPmnIAvHTymsYWUSd6','avatar/1706587054794-avatar.jpg','2002-11-22',NULL,NULL,'eyJhbGciOiJIUzI1NiJ9.eyJzdWIiOiJzcGI2QGdtYWlsLmNvbSIsImlhdCI6MTcwNjU4NzA1NSwiZXhwIjoxNzA2NjczNDU1fQ.lSSI4rA0K2yqkZRh8ySMiqq1FZZVk-7oaTOFibTHxWM'),('2dae7c82-f765-4f6c-8e6e-185ca717a304','Nguyen E','nguyenvaea@gmaail.com','$2a$10$Jd8x/tzRLYfTuIMHG1dRpufzdKsqwC2AZ4CwIl7ZmM/A3QbGyXwIi','/avatar/2dae7c82-f765-4f6c-8e6e-185ca717a304.jpg','2001-02-02',NULL,NULL,NULL),('39f9f23d-b6f9-4f57-8643-574256774a44','Spring Boot 4','spb4@gmail.com','$2a$10$1fQXAiR9ui/AtYpQ2Qarf.TH6uFWYx5EPPV4Q8EY5lvXg/42Kd7/i','/avt/spb4.jpg','2002-11-22',NULL,NULL,NULL),('4969d5c7-d2d3-4842-bd4f-02ba7d1a68ce','Spring Boot 1','spb1@gmail.com','$2a$10$FeEOlfAw7LHT7ydRug.o4OlDwz0jpq/2DSSL.GhItfYHAfsAV9ysO','/avt/spb1.jpg','1997-08-24',NULL,NULL,'eyJhbGciOiJIUzI1NiJ9.eyJzdWIiOiJzcGIxQGdtYWlsLmNvbSIsImlhdCI6MTcwNjQ2Mzg4MywiZXhwIjoxNzA2NTUwMjgzfQ.z0fT77qYDOlC_qFzooozKiWVblAFLTkBUIrH28NRjIQ'),('6466294d-4877-481d-a0b4-2fdd8ee51123','Nguyen D','nguyend@gmsadail.com','$2a$10$tptFDPfSCyUjdcSBwoz.fuw2xr2w1zP/uburdp1IcJ2w1EkfNS8Y2','/avatar/6466294d-4877-481d-a0b4-2fdd8ee51123.jpg','2010-09-10',NULL,NULL,NULL),('75760431-c7f9-4407-8442-fcc8582a2f53','Luu Minh Tinh','quyngaibuoitoi@gmail.com','$2a$10$yNa9XgR9Wn3GDNRRywgUHeYfstUwhH93rqLOBDP3Okmawb5dkSj.i','/avatar/75760431-c7f9-4407-8442-fcc8582a2f53.jpg','1977-12-11',NULL,NULL,NULL),('7de1a2d3-d85a-4514-932a-9c17510e5425','Nguyen Van An','nguyenvana@gdasdasdmail.com','$2a$10$rSPM1qu/Fw2xfkHc/P9YUOCf3UJ9VeTtQsAHH3.uOvr6Wfjif7LcK','/avatar/7de1a2d3-d85a-4514-932a-9c17510e5425.png','2002-08-22',NULL,NULL,NULL),('7e447495-bb1a-42c0-ab92-3784a9300785','Pier Morgan','momchua@gmail.com','$2a$10$WzzxIMUbBJm3Kf.0Hxh/fe7546HgAIOsvWB.d7w4tFDtE53FMfXma','/avatar/7e447495-bb1a-42c0-ab92-3784a9300785.jpg','1977-12-11',NULL,NULL,NULL),('9aab95c1-9086-46c9-8875-a90a42060f8a','Spring Boot 3','spb3@gmail.com','$2a$10$gsXKYwuOCu9l0JiPMK55auDF7OgQUCsCSPw33QwyYtDn6cKcvc9f.','/avt/spb3.jpg','2000-01-14',NULL,NULL,NULL),('a486dcc5-2cda-4135-8a21-933980b0e295','Do Ngọc Tuan','wdssda@asada.coin','$2a$10$e5tRFaQfJwr0sMhpv/HfNuIOJVzRWF806lBR0Jjdu281h5Jyy1Rzq','/avatar/a486dcc5-2cda-4135-8a21-933980b0e295.png','2022-07-07',NULL,NULL,NULL),('b2bb132c-bc70-43c1-8c88-10756aafff4e','Elon Mut','mutelon@twitter.com','$2a$10$y5GOdu3wY0HKb89ymAjL/OJjDn8usputU6Oe0AwYVkTQjFeF2ak92','/avatar/b2bb132c-bc70-43c1-8c88-10756aafff4e.jpg','1981-11-22',NULL,NULL,NULL),('c5682ba5-b021-4998-bfc4-beeb26ec3ce5','Hoang Viet Bach','bachhv46@gmail.com','$2a$10$qGM7BURP/LDsE5HwCg0bauIIT1NdFJsriVXFrew.hbu8KMEKDR0QG','avatar/c5682ba5-b021-4998-bfc4-beeb26ec3ce5.jpg','2000-06-18',NULL,NULL,'eyJhbGciOiJIUzI1NiJ9.eyJzdWIiOiJiYWNoaHY0NkBnbWFpbC5jb20iLCJpYXQiOjE3MDY2MDgxNjMsImV4cCI6MTcwNjY5NDU2M30.9gXG8YAMZeSJFVIgFVLMCU0AV9zU84o2wRQF3GhYYYU'),('c7831745-5302-417d-bba8-7055e6354d8f','Nguyễn Di Đan','messiprohy@gmail.com','$2a$10$es8T2gj4y30vZWdxYfaXCu5aHh8516rg8N4KbB7785sQOx8QhdjRu','/avatar/c7831745-5302-417d-bba8-7055e6354d8f.jpeg','2002-07-11','2024-02-03 17:23:37','AP3QZ7','eyJhbGciOiJIUzI1NiJ9.eyJzdWIiOiJtZXNzaXByb2h5QGdtYWlsLmNvbSIsImlhdCI6MTcwNzMyMjkwMywiZXhwIjoxNzA3NDA5MzAzfQ.X77ipWksz_byjCyUDN3-r90CvRLoAqm5ZtqlJMBwJok'),('d1015657-2a3b-40e9-9e5e-f835268a9912','Spring Boot 2','spb2@gmail.com','$2a$10$pahLFc.Wmpp5PghMeISkn.Ldzw3Lq8lmezcqkmAwC.B6QS3Q0eHxi','/avt/spb2.jpg','1999-01-14',NULL,NULL,NULL),('dbd00bf5-f701-464f-a313-b413919997a1','Nguyen C','nguyenc@gmsdail.com','$2a$10$kTqMwGcbGjGICoknQXBIx.y7bx.6jkRbZsgs2yvtxtIIKbryNg.G2','/avatar/dbd00bf5-f701-464f-a313-b413919997a1.jpg','2009-09-10',NULL,NULL,NULL),('ddf5e3d6-41d2-468d-ad24-a26d2147e30a','Micheran Nguyen','mitnguyen12@gmail.com','$2a$10$y8El3s8hnG35ko1kV.bVFuh/TSzmxuVSPoIFZl6HNbjgTwwoM1FsK','/avatar/ddf5e3d6-41d2-468d-ad24-a26d2147e30a.jpg','1992-01-22',NULL,NULL,NULL),('dea6cad2-ecbe-4ee1-a396-0996c1f68d0e','Spring Boot 5','spb5@gmail.com','$2a$10$XbKu.Oa/JlhLyi5s0p3cp.mKxkXhB40RlRG3WmQaPgo3LV12pHy0C','avatar/1706554952940-avatar.png','2002-11-22',NULL,NULL,'eyJhbGciOiJIUzI1NiJ9.eyJzdWIiOiJzcGI1QGdtYWlsLmNvbSIsImlhdCI6MTcwNjU1NDk1MywiZXhwIjoxNzA2NjQxMzUzfQ.HeH0lRLXqXeIYBEnb24n-rO8h3ZTm-ifRkIDqEkw2GM'),('eed9d596-a166-446f-8a76-190ad4880004','Mark Xoan','xoanxoan@meta.com','$2a$10$JODjmi3IOVPJzLoqQkp5DeorEL8wdDoFh2EAjaJStvzF24K8j2HC2','/avatar/eed9d596-a166-446f-8a76-190ad4880004.png','1978-06-22',NULL,NULL,NULL),('f287a811-4da1-485d-818e-1fb8a6843cec','Spring Boot 7','spb7@gmail.com','$2a$10$uRtAYvXPLTGADrBpZJMDcukyE5pS/uHg0VwOM/.hHpaOAoGTxmY7u','avatar/f287a811-4da1-485d-818e-1fb8a6843cec.jpg','2002-11-22',NULL,NULL,'eyJhbGciOiJIUzI1NiJ9.eyJzdWIiOiJzcGI3QGdtYWlsLmNvbSIsImlhdCI6MTcwNjU5NzAxMSwiZXhwIjoxNzA2NjgzNDExfQ.Z7jqb-3iFeMFOS6GIPp0w4sjQ2kPFTARxC6F30sGY8I');
/*!40000 ALTER TABLE `users` ENABLE KEYS */;
UNLOCK TABLES;
/*!40103 SET TIME_ZONE=@OLD_TIME_ZONE */;

/*!40101 SET SQL_MODE=@OLD_SQL_MODE */;
/*!40014 SET FOREIGN_KEY_CHECKS=@OLD_FOREIGN_KEY_CHECKS */;
/*!40014 SET UNIQUE_CHECKS=@OLD_UNIQUE_CHECKS */;
/*!40101 SET CHARACTER_SET_CLIENT=@OLD_CHARACTER_SET_CLIENT */;
/*!40101 SET CHARACTER_SET_RESULTS=@OLD_CHARACTER_SET_RESULTS */;
/*!40101 SET COLLATION_CONNECTION=@OLD_COLLATION_CONNECTION */;
/*!40111 SET SQL_NOTES=@OLD_SQL_NOTES */;

-- Dump completed on 2024-02-08 17:24:28
